batch,time,uptime,busy_processes,waited_s,top_cpu_processes
compile:vectors:typed@2026-10-05T18:08:43,2026-10-05T18:08:43,"18:08  up 21:02, 1 user, load averages: 2.78 3.69 3.74",none,0,92312:python:69.6% 419:fskitd:14.6% 412:WindowServer:11.4%
compile:vectors:dynamic@2026-10-05T18:12:12,2026-10-05T18:12:12,"18:12  up 21:05, 1 user, load averages: 3.84 3.70 3.72",none,0,92312:python:99.1%
compile:protocol:typed@2026-10-05T18:16:20,2026-10-05T18:16:20,"18:16  up 21:09, 1 user, load averages: 3.69 3.74 3.73",none,0,92312:python:49.5%
compile:protocol:dynamic@2026-10-05T18:17:25,2026-10-05T18:17:25,"18:17  up 21:11, 1 user, load averages: 3.27 3.59 3.67",none,0,92312:python:52.6%
runtime:size_only_n100:typed:cli@2026-10-05T18:18:29,2026-10-05T18:18:29,"18:18  up 21:12, 1 user, load averages: 3.63 3.65 3.68",none,0,92312:python:75.8%
runtime:size_only_n100:typed:O@2026-10-05T18:18:29,2026-10-05T18:18:29,"18:18  up 21:12, 1 user, load averages: 3.63 3.65 3.68",none,0,92312:python:64.4% 91340:XprotectService:31.2%
runtime:size_only_n100:dynamic:cli@2026-10-05T18:18:30,2026-10-05T18:18:30,"18:18  up 21:12, 1 user, load averages: 3.63 3.65 3.68",none,0,91340:XprotectService:46.8% 92312:python:35.8%
runtime:size_only_n100:dynamic:O@2026-10-05T18:18:30,2026-10-05T18:18:30,"18:18  up 21:12, 1 user, load averages: 3.63 3.65 3.68",none,0,91340:XprotectService:37.3% 92312:python:25.0%
runtime:size_only_n1000:typed:cli@2026-10-05T18:18:35,2026-10-05T18:18:35,"18:18  up 21:12, 1 user, load averages: 3.50 3.62 3.67",none,0,92312:python:98.4%
runtime:size_only_n1000:typed:O@2026-10-05T18:18:36,2026-10-05T18:18:36,"18:18  up 21:12, 1 user, load averages: 3.50 3.62 3.67",none,0,92312:python:99.4% 91340:XprotectService:30.9%
runtime:size_only_n1000:dynamic:cli@2026-10-05T18:18:36,2026-10-05T18:18:36,"18:18  up 21:12, 1 user, load averages: 3.50 3.62 3.67",none,0,92312:python:99.9% 91340:XprotectService:46.3%
runtime:size_only_n1000:dynamic:O@2026-10-05T18:18:37,2026-10-05T18:18:37,"18:18  up 21:12, 1 user, load averages: 3.50 3.62 3.67",none,0,92312:python:100.0% 91340:XprotectService:33.1%
runtime:size_only_n1600:typed:cli@2026-10-05T18:18:42,2026-10-05T18:18:42,"18:18  up 21:12, 1 user, load averages: 3.62 3.64 3.68",none,0,92312:python:34.9%
runtime:size_only_n1600:typed:O@2026-10-05T18:18:42,2026-10-05T18:18:42,"18:18  up 21:12, 1 user, load averages: 3.62 3.64 3.68",none,0,92312:python:39.6% 91340:XprotectService:29.3%
runtime:size_only_n1600:dynamic:cli@2026-10-05T18:18:43,2026-10-05T18:18:43,"18:18  up 21:12, 1 user, load averages: 3.41 3.60 3.66",none,0,91340:XprotectService:32.3% 92312:python:29.3%
runtime:size_only_n1600:dynamic:O@2026-10-05T18:18:43,2026-10-05T18:18:43,"18:18  up 21:12, 1 user, load averages: 3.41 3.60 3.66",none,0,92312:python:45.9% 91340:XprotectService:42.5%
runtime:size_only_n32000:typed:cli@2026-10-05T18:18:49,2026-10-05T18:18:49,"18:18  up 21:12, 1 user, load averages: 3.30 3.57 3.65",none,0,92312:python:72.0%
runtime:size_only_n32000:typed:O@2026-10-05T18:18:50,2026-10-05T18:18:50,"18:18  up 21:12, 1 user, load averages: 3.30 3.57 3.65",none,0,92312:python:96.8% 91340:XprotectService:13.4%
runtime:size_only_n32000:dynamic:cli@2026-10-05T18:18:50,2026-10-05T18:18:50,"18:18  up 21:12, 1 user, load averages: 3.30 3.57 3.65",none,0,92312:python:98.0% 91340:XprotectService:23.8%
runtime:size_only_n32000:dynamic:O@2026-10-05T18:18:51,2026-10-05T18:18:51,"18:18  up 21:12, 1 user, load averages: 3.30 3.57 3.65",none,0,92312:python:107.6% 91340:XprotectService:38.6%
runtime:size_only_n256000:typed:cli@2026-10-05T18:18:56,2026-10-05T18:18:56,"18:18  up 21:12, 1 user, load averages: 3.27 3.56 3.65",none,0,92312:python:36.2%
runtime:size_only_n256000:typed:O@2026-10-05T18:18:58,2026-10-05T18:18:58,"18:18  up 21:12, 1 user, load averages: 3.17 3.53 3.64",none,0,92312:python:41.8% 95091:contactsd:19.2% 95088:contactsd:18.4%
runtime:size_only_n256000:dynamic:cli@2026-10-05T18:18:59,2026-10-05T18:18:59,"18:18  up 21:12, 1 user, load averages: 3.17 3.53 3.64",none,0,92312:python:35.5% 91340:XprotectService:18.7%
runtime:size_only_n256000:dynamic:O@2026-10-05T18:18:59,2026-10-05T18:18:59,"18:18  up 21:12, 1 user, load averages: 3.17 3.53 3.64",none,0,91340:XprotectService:37.1% 92312:python:35.5%
runtime:vec_build_sum_n1000:typed:cli@2026-10-05T18:19:06,2026-10-05T18:19:06,"18:19  up 21:12, 1 user, load averages: 3.08 3.51 3.63",none,0,92312:python:94.9%
runtime:vec_build_sum_n1000:typed:O@2026-10-05T18:19:06,2026-10-05T18:19:06,"18:19  up 21:12, 1 user, load averages: 3.08 3.51 3.63",none,0,92312:python:98.1% 91340:XprotectService:19.1%
runtime:vec_build_sum_n1000:dynamic:cli@2026-10-05T18:19:07,2026-10-05T18:19:07,"18:19  up 21:12, 1 user, load averages: 3.08 3.51 3.63",none,0,92312:python:99.1% 91340:XprotectService:28.5%
runtime:vec_build_sum_n1000:dynamic:O@2026-10-05T18:19:16,2026-10-05T18:19:16,"18:19  up 21:12, 1 user, load averages: 3.07 3.49 3.62",none,0,92312:python:99.1%
runtime:vec_build_sum_n2000:typed:cli@2026-10-05T18:19:28,2026-10-05T18:19:28,"18:19  up 21:13, 1 user, load averages: 3.19 3.50 3.62",none,0,92312:python:77.0%
runtime:vec_build_sum_n2000:typed:O@2026-10-05T18:19:29,2026-10-05T18:19:29,"18:19  up 21:13, 1 user, load averages: 3.19 3.50 3.62",none,0,92312:python:97.5% 91340:XprotectService:14.8%
runtime:vec_build_sum_n2000:dynamic:cli@2026-10-05T18:19:29,2026-10-05T18:19:29,"18:19  up 21:13, 1 user, load averages: 3.19 3.50 3.62",none,0,92312:python:108.4% 91340:XprotectService:25.7%
runtime:vec_build_sum_n2000:dynamic:O@2026-10-05T18:20:02,2026-10-05T18:20:02,"18:20  up 21:13, 1 user, load averages: 3.70 3.58 3.65",none,0,92312:python:35.8% 412:WindowServer:12.5%
runtime:vec_build_sum_n4000:typed:cli@2026-10-05T18:20:20,2026-10-05T18:20:20,"18:20  up 21:13, 1 user, load averages: 3.30 3.49 3.61",none,0,92312:python:52.0%
runtime:vec_build_sum_n4000:typed:O@2026-10-05T18:20:20,2026-10-05T18:20:20,"18:20  up 21:13, 1 user, load averages: 3.30 3.49 3.61",none,0,92312:python:81.3% 91340:XprotectService:11.6%
runtime:vec_build_sum_n4000:dynamic:cli@2026-10-05T18:20:21,2026-10-05T18:20:21,"18:20  up 21:14, 1 user, load averages: 3.30 3.49 3.61",none,0,92312:python:96.4% 91340:XprotectService:26.5%
runtime:vec_build_sum_n4000:dynamic:O@2026-10-05T18:21:32,2026-10-05T18:21:32,"18:21  up 21:15, 1 user, load averages: 2.55 3.22 3.50",none,0,92312:python:100.8%
runtime:vec_build_sum_n8000:typed:cli@2026-10-05T18:22:21,2026-10-05T18:22:21,"18:22  up 21:16, 1 user, load averages: 2.39 3.07 3.42",none,0,92312:python:100.0%
runtime:vec_build_sum_n8000:typed:O@2026-10-05T18:22:22,2026-10-05T18:22:22,"18:22  up 21:16, 1 user, load averages: 2.39 3.07 3.42",none,0,92312:python:100.0%
runtime:vec_build_sum_n8000:dynamic:O@2026-10-05T18:22:22,2026-10-05T18:22:22,"18:22  up 21:16, 1 user, load averages: 2.39 3.07 3.42",none,0,92312:python:100.0% 91340:XprotectService:20.1%
runtime:vec_build_sum_n16000:typed:cli@2026-10-05T18:24:21,2026-10-05T18:24:21,"18:24  up 21:18, 1 user, load averages: 3.34 3.10 3.38",none,0,92312:python:103.3%
runtime:vec_build_sum_n16000:typed:O@2026-10-05T18:24:22,2026-10-05T18:24:22,"18:24  up 21:18, 1 user, load averages: 3.34 3.10 3.38",none,0,92312:python:38.1%
runtime:vec_build_sum_n32000:typed:cli@2026-10-05T18:24:26,2026-10-05T18:24:26,"18:24  up 21:18, 1 user, load averages: 3.23 3.08 3.37",none,0,92312:python:47.3%
runtime:vec_build_sum_n32000:typed:O@2026-10-05T18:24:28,2026-10-05T18:24:28,"18:24  up 21:18, 1 user, load averages: 3.13 3.07 3.36",none,0,92312:python:75.1%
runtime:vec_build_sum_n64000:typed:cli@2026-10-05T18:24:33,2026-10-05T18:24:33,"18:24  up 21:18, 1 user, load averages: 3.13 3.07 3.36",none,0,92312:python:61.2%
runtime:vec_build_sum_n64000:typed:O@2026-10-05T18:24:36,2026-10-05T18:24:36,"18:24  up 21:18, 1 user, load averages: 3.12 3.06 3.36",none,0,92312:python:34.8%
runtime:vec_build_sum_n128000:typed:cli@2026-10-05T18:24:41,2026-10-05T18:24:41,"18:24  up 21:18, 1 user, load averages: 2.95 3.03 3.35",none,0,92312:python:94.5%
runtime:vec_build_sum_n128000:typed:O@2026-10-05T18:24:41,2026-10-05T18:24:41,"18:24  up 21:18, 1 user, load averages: 2.95 3.03 3.35",none,0,92312:python:97.1% 91340:XprotectService:27.9%
runtime:list_fold_n1000:typed:cli@2026-10-05T18:24:50,2026-10-05T18:24:50,"18:24  up 21:18, 1 user, load averages: 3.26 3.09 3.37",none,0,92312:python:98.9%
runtime:list_fold_n1000:typed:O@2026-10-05T18:24:50,2026-10-05T18:24:50,"18:24  up 21:18, 1 user, load averages: 3.26 3.09 3.37",none,0,92312:python:99.1% 91340:XprotectService:26.7%
runtime:list_fold_n1000:dynamic:cli@2026-10-05T18:24:51,2026-10-05T18:24:51,"18:24  up 21:18, 1 user, load averages: 3.26 3.09 3.37",none,0,92312:python:99.2% 91340:XprotectService:35.0%
runtime:list_fold_n1000:dynamic:O@2026-10-05T18:24:51,2026-10-05T18:24:51,"18:24  up 21:18, 1 user, load averages: 3.26 3.09 3.37",none,0,92312:python:84.1% 91340:XprotectService:30.1%
runtime:list_fold_n2000:typed:cli@2026-10-05T18:24:58,2026-10-05T18:24:58,"18:24  up 21:18, 1 user, load averages: 3.16 3.08 3.36",none,0,92312:python:81.5% 1098:Telegram:11.9%
runtime:list_fold_n2000:typed:O@2026-10-05T18:24:58,2026-10-05T18:24:58,"18:24  up 21:18, 1 user, load averages: 3.16 3.08 3.36",none,0,92312:python:75.3% 91340:XprotectService:14.8%
runtime:list_fold_n2000:dynamic:cli@2026-10-05T18:24:59,2026-10-05T18:24:59,"18:24  up 21:18, 1 user, load averages: 3.07 3.06 3.35",none,0,92312:python:95.3% 91340:XprotectService:25.0%
runtime:list_fold_n2000:dynamic:O@2026-10-05T18:24:59,2026-10-05T18:24:59,"18:24  up 21:18, 1 user, load averages: 3.07 3.06 3.35",none,0,92312:python:96.2% 91340:XprotectService:23.0%
runtime:list_fold_n4000:typed:cli@2026-10-05T18:25:06,2026-10-05T18:25:06,"18:25  up 21:18, 1 user, load averages: 2.98 3.04 3.34",none,0,92312:python:96.6%
runtime:list_fold_n4000:typed:O@2026-10-05T18:25:06,2026-10-05T18:25:06,"18:25  up 21:18, 1 user, load averages: 2.98 3.04 3.34",none,0,92312:python:113.7% 91340:XprotectService:11.9%
runtime:list_fold_n4000:dynamic:cli@2026-10-05T18:25:07,2026-10-05T18:25:07,"18:25  up 21:18, 1 user, load averages: 2.98 3.04 3.34",none,0,92312:python:63.3% 91340:XprotectService:26.0%
runtime:list_fold_n4000:dynamic:O@2026-10-05T18:25:07,2026-10-05T18:25:07,"18:25  up 21:18, 1 user, load averages: 2.98 3.04 3.34",none,0,92312:python:63.6% 91340:XprotectService:24.4% 1098:Telegram:12.4%
runtime:list_fold_n8000:typed:cli@2026-10-05T18:25:14,2026-10-05T18:25:14,"18:25  up 21:18, 1 user, load averages: 2.83 3.01 3.32",none,0,92312:python:100.6%
runtime:list_fold_n8000:typed:O@2026-10-05T18:25:15,2026-10-05T18:25:15,"18:25  up 21:18, 1 user, load averages: 2.83 3.01 3.32",none,0,92312:python:60.0%
runtime:list_fold_n8000:dynamic:cli@2026-10-05T18:25:15,2026-10-05T18:25:15,"18:25  up 21:18, 1 user, load averages: 2.83 3.01 3.32",none,0,92312:python:40.6% 91340:XprotectService:24.4%
runtime:list_fold_n8000:dynamic:O@2026-10-05T18:25:16,2026-10-05T18:25:16,"18:25  up 21:18, 1 user, load averages: 2.83 3.01 3.32",none,0,92312:python:79.8% 91340:XprotectService:12.4%
runtime:list_fold_n16000:typed:cli@2026-10-05T18:25:22,2026-10-05T18:25:22,"18:25  up 21:19, 1 user, load averages: 2.84 3.00 3.32",none,0,92312:python:45.3%
runtime:list_fold_n16000:typed:O@2026-10-05T18:25:23,2026-10-05T18:25:23,"18:25  up 21:19, 1 user, load averages: 2.77 2.99 3.31",none,0,92312:python:79.8%
runtime:list_fold_n16000:dynamic:cli@2026-10-05T18:25:24,2026-10-05T18:25:24,"18:25  up 21:19, 1 user, load averages: 2.77 2.99 3.31",none,0,92312:python:97.0% 91340:XprotectService:14.5%
runtime:list_fold_n16000:dynamic:O@2026-10-05T18:25:25,2026-10-05T18:25:25,"18:25  up 21:19, 1 user, load averages: 2.77 2.99 3.31",none,0,92312:python:99.2%
runtime:list_fold_n32000:typed:cli@2026-10-05T18:25:31,2026-10-05T18:25:31,"18:25  up 21:19, 1 user, load averages: 2.71 2.97 3.31",none,0,92312:python:100.0%
runtime:list_fold_n32000:typed:O@2026-10-05T18:25:33,2026-10-05T18:25:33,"18:25  up 21:19, 1 user, load averages: 2.71 2.97 3.31",none,0,92312:python:99.1% 1098:Telegram:13.2%
runtime:list_fold_n32000:dynamic:cli@2026-10-05T18:25:34,2026-10-05T18:25:34,"18:25  up 21:19, 1 user, load averages: 2.66 2.95 3.30",none,0,92312:python:100.0%
runtime:list_fold_n32000:dynamic:O@2026-10-05T18:25:35,2026-10-05T18:25:35,"18:25  up 21:19, 1 user, load averages: 2.66 2.95 3.30",none,0,92312:python:100.0%
runtime:list_fold_n64000:typed:cli@2026-10-05T18:25:41,2026-10-05T18:25:41,"18:25  up 21:19, 1 user, load averages: 2.68 2.96 3.30",none,0,92312:python:100.6%
runtime:list_fold_n64000:typed:O@2026-10-05T18:25:44,2026-10-05T18:25:44,"18:25  up 21:19, 1 user, load averages: 2.63 2.94 3.29",none,0,92312:python:100.0%
runtime:list_fold_n64000:dynamic:cli@2026-10-05T18:25:46,2026-10-05T18:25:46,"18:25  up 21:19, 1 user, load averages: 2.63 2.94 3.29",none,0,92312:python:100.0%
runtime:list_fold_n64000:dynamic:O@2026-10-05T18:25:46,2026-10-05T18:25:46,"18:25  up 21:19, 1 user, load averages: 2.63 2.94 3.29",none,0,92312:python:99.4% 91340:XprotectService:34.0%
runtime:list_fold_n128000:typed:cli@2026-10-05T18:25:53,2026-10-05T18:25:53,"18:25  up 21:19, 1 user, load averages: 2.66 2.94 3.29",none,0,97394:python:83.1%
runtime:list_fold_n128000:typed:O@2026-10-05T18:25:56,2026-10-05T18:25:56,"18:25  up 21:19, 1 user, load averages: 2.60 2.92 3.28",none,0,97394:python:92.1%
runtime:list_fold_n128000:dynamic:O@2026-10-05T18:25:58,2026-10-05T18:25:58,"18:25  up 21:19, 1 user, load averages: 2.60 2.92 3.28",none,0,97394:python:49.7%
runtime:list_fold_n256000:typed:cli@2026-10-05T18:26:01,2026-10-05T18:26:01,"18:26  up 21:19, 1 user, load averages: 2.56 2.91 3.27",none,0,97394:python:71.9% 415:loginwindow:10.3%
runtime:list_fold_n256000:typed:O@2026-10-05T18:26:02,2026-10-05T18:26:02,"18:26  up 21:19, 1 user, load averages: 2.56 2.91 3.27",none,0,97394:python:41.6% 91340:XprotectService:28.9%
runtime:proto_send_n1000:typed:cli@2026-10-05T18:26:12,2026-10-05T18:26:12,"18:26  up 21:19, 1 user, load averages: 2.64 2.91 3.27",none,0,97394:python:17.2%
runtime:proto_send_n1000:typed:O@2026-10-05T18:26:13,2026-10-05T18:26:13,"18:26  up 21:19, 1 user, load averages: 2.64 2.91 3.27",none,0,97394:python:59.2% 91340:XprotectService:17.4%
runtime:proto_send_n1000:dynamic:cli@2026-10-05T18:26:13,2026-10-05T18:26:13,"18:26  up 21:19, 1 user, load averages: 2.64 2.91 3.27",none,0,97394:python:51.8% 91340:XprotectService:38.4%
runtime:proto_send_n1000:dynamic:O@2026-10-05T18:26:22,2026-10-05T18:26:22,"18:26  up 21:20, 1 user, load averages: 2.54 2.88 3.25",none,0,97394:python:74.9%
runtime:proto_send_n2000:typed:cli@2026-10-05T18:26:33,2026-10-05T18:26:33,"18:26  up 21:20, 1 user, load averages: 2.31 2.82 3.23",none,0,97394:python:11.2%
runtime:proto_send_n2000:typed:O@2026-10-05T18:26:33,2026-10-05T18:26:33,"18:26  up 21:20, 1 user, load averages: 2.31 2.82 3.23",none,0,97394:python:22.1% 91340:XprotectService:16.5%
runtime:proto_send_n2000:dynamic:cli@2026-10-05T18:26:34,2026-10-05T18:26:34,"18:26  up 21:20, 1 user, load averages: 2.36 2.82 3.22",none,0,97394:python:58.9% 91340:XprotectService:31.4%
runtime:proto_send_n2000:dynamic:O@2026-10-05T18:27:06,2026-10-05T18:27:06,"18:27  up 21:20, 1 user, load averages: 2.52 2.81 3.20",none,0,97394:python:99.7% 1098:Telegram:51.1%
runtime:proto_send_n4000:typed:cli@2026-10-05T18:27:23,2026-10-05T18:27:23,"18:27  up 21:21, 1 user, load averages: 2.86 2.87 3.22",none,0,97394:python:100.0%
runtime:proto_send_n4000:typed:O@2026-10-05T18:27:24,2026-10-05T18:27:24,"18:27  up 21:21, 1 user, load averages: 2.79 2.85 3.21",none,0,97394:python:99.6%
runtime:proto_send_n4000:dynamic:cli@2026-10-05T18:27:24,2026-10-05T18:27:24,"18:27  up 21:21, 1 user, load averages: 2.79 2.85 3.21",none,0,97394:python:100.0% 91340:XprotectService:18.3%
runtime:proto_send_n4000:dynamic:O@2026-10-05T18:28:35,2026-10-05T18:28:35,"18:28  up 21:22, 1 user, load averages: 2.60 2.76 3.15",none,0,97394:python:99.6%
runtime:proto_send_n8000:typed:cli@2026-10-05T18:29:24,2026-10-05T18:29:24,"18:29  up 21:23, 1 user, load averages: 2.91 2.83 3.15",none,0,97394:python:78.3%
runtime:proto_send_n8000:typed:O@2026-10-05T18:29:25,2026-10-05T18:29:25,"18:29  up 21:23, 1 user, load averages: 2.91 2.83 3.15",none,0,97394:python:55.6% 1098:Telegram:13.5%
runtime:proto_send_n8000:dynamic:O@2026-10-05T18:29:26,2026-10-05T18:29:26,"18:29  up 21:23, 1 user, load averages: 2.91 2.83 3.15",none,0,97394:python:84.6% 91340:XprotectService:13.8%
runtime:proto_send_n16000:typed:cli@2026-10-05T18:31:11,2026-10-05T18:31:11,"18:31  up 21:24, 1 user, load averages: 2.49 2.69 3.05",none,0,97394:python:98.5%
runtime:proto_send_n16000:typed:O@2026-10-05T18:31:13,2026-10-05T18:31:13,"18:31  up 21:24, 1 user, load averages: 2.49 2.69 3.05",none,0,97394:python:100.0% 98283:mdworker_shared:16.3%
runtime:proto_send_n32000:typed:cli@2026-10-05T18:31:17,2026-10-05T18:31:17,"18:31  up 21:24, 1 user, load averages: 2.45 2.68 3.05",none,0,97394:python:100.0%
runtime:proto_send_n32000:typed:O@2026-10-05T18:31:20,2026-10-05T18:31:20,"18:31  up 21:24, 1 user, load averages: 2.42 2.67 3.04",none,0,97394:python:100.0%
runtime:proto_send_n64000:typed:cli@2026-10-05T18:31:25,2026-10-05T18:31:25,"18:31  up 21:25, 1 user, load averages: 2.38 2.66 3.03",none,0,97394:python:100.1%
runtime:proto_send_n64000:typed:O@2026-10-05T18:31:25,2026-10-05T18:31:25,"18:31  up 21:25, 1 user, load averages: 2.38 2.66 3.03",none,0,97394:python:100.0% 91340:XprotectService:31.5%
runtime:vec_rev_sum_n100:typed:cli@2026-10-05T18:31:34,2026-10-05T18:31:34,"18:31  up 21:25, 1 user, load averages: 2.35 2.65 3.03",none,0,97394:python:100.0%
runtime:vec_rev_sum_n100:typed:O@2026-10-05T18:31:34,2026-10-05T18:31:34,"18:31  up 21:25, 1 user, load averages: 2.35 2.65 3.03",none,0,97394:python:100.0% 91340:XprotectService:17.6%
runtime:vec_rev_sum_n100:dynamic:cli@2026-10-05T18:31:35,2026-10-05T18:31:35,"18:31  up 21:25, 1 user, load averages: 2.40 2.65 3.03",none,0,97394:python:99.1% 91340:XprotectService:30.9%
runtime:vec_rev_sum_n100:dynamic:O@2026-10-05T18:31:38,2026-10-05T18:31:38,"18:31  up 21:25, 1 user, load averages: 2.40 2.65 3.03",none,0,97394:python:100.0%
runtime:vec_rev_sum_n200:typed:cli@2026-10-05T18:31:47,2026-10-05T18:31:47,"18:31  up 21:25, 1 user, load averages: 2.41 2.65 3.02",none,0,97394:python:98.5%
runtime:vec_rev_sum_n200:typed:O@2026-10-05T18:31:48,2026-10-05T18:31:48,"18:31  up 21:25, 1 user, load averages: 2.41 2.65 3.02",none,0,97394:python:17.8%
runtime:vec_rev_sum_n200:dynamic:cli@2026-10-05T18:31:49,2026-10-05T18:31:49,"18:31  up 21:25, 1 user, load averages: 2.41 2.65 3.02",none,0,97394:python:72.4% 91340:XprotectService:18.9%
runtime:vec_rev_sum_n200:dynamic:O@2026-10-05T18:32:11,2026-10-05T18:32:11,"18:32  up 21:25, 1 user, load averages: 2.53 2.64 3.01",none,0,97394:python:24.3%
runtime:vec_rev_sum_n400:typed:cli@2026-10-05T18:32:25,2026-10-05T18:32:25,"18:32  up 21:26, 1 user, load averages: 2.94 2.73 3.03",none,0,97394:python:75.1%
runtime:vec_rev_sum_n400:typed:O@2026-10-05T18:32:27,2026-10-05T18:32:27,"18:32  up 21:26, 1 user, load averages: 2.94 2.73 3.03",none,0,97394:python:48.0%
runtime:vec_rev_sum_n400:dynamic:cli@2026-10-05T18:32:28,2026-10-05T18:32:28,"18:32  up 21:26, 1 user, load averages: 2.94 2.73 3.03",none,0,97394:python:72.1%
runtime:vec_rev_sum_n400:dynamic:O@2026-10-05T18:34:01,2026-10-05T18:34:01,"18:34  up 21:27, 1 user, load averages: 2.53 2.59 2.94",none,0,97394:python:35.1% 415:loginwindow:11.7%
runtime:vec_rev_sum_n800:typed:cli@2026-10-05T18:35:01,2026-10-05T18:35:01,"18:35  up 21:28, 1 user, load averages: 2.45 2.56 2.90",none,0,97394:python:77.8% 415:loginwindow:21.7%
runtime:vec_rev_sum_n800:typed:O@2026-10-05T18:35:04,2026-10-05T18:35:04,"18:35  up 21:28, 1 user, load averages: 2.45 2.56 2.90",none,0,97394:python:29.4%
runtime:vec_rev_sum_n800:dynamic:O@2026-10-05T18:35:06,2026-10-05T18:35:06,"18:35  up 21:28, 1 user, load averages: 2.33 2.53 2.89",none,0,97394:python:32.2%
runtime:vec_rev_sum_n1600:typed:cli@2026-10-05T18:38:56,2026-10-05T18:38:56,"18:38  up 21:32, 1 user, load averages: 2.21 2.49 2.79",none,0,97394:python:75.0%
runtime:vec_rev_sum_n1600:typed:O@2026-10-05T18:39:07,2026-10-05T18:39:07,"18:39  up 21:32, 1 user, load averages: 2.15 2.47 2.78",none,0,97394:python:16.7%
proof:typed:cli@2026-10-05T18:39:23,2026-10-05T18:39:23,"18:39  up 21:33, 1 user, load averages: 2.05 2.43 2.76",none,0,97394:python:97.1%
proof:typed:O@2026-10-05T18:39:35,2026-10-05T18:39:35,"18:39  up 21:33, 1 user, load averages: 1.97 2.40 2.74",none,0,97394:python:73.8%
proof:dynamic:cli@2026-10-05T18:39:38,2026-10-05T18:39:38,"18:39  up 21:33, 1 user, load averages: 1.97 2.39 2.74",none,0,97394:python:50.5%
proof:dynamic:O@2026-10-05T18:39:55,2026-10-05T18:39:55,"18:39  up 21:33, 1 user, load averages: 2.13 2.40 2.74",none,0,97394:python:34.9%
proof:typed:cli@2026-10-05T18:40:14,2026-10-05T18:40:14,"18:40  up 21:33, 1 user, load averages: 2.37 2.44 2.74",none,0,97394:python:11.6%
proof:typed:O@2026-10-05T18:40:58,2026-10-05T18:40:58,"18:40  up 21:34, 1 user, load averages: 1.92 2.31 2.68",none,0,97394:python:87.7%
proof:dynamic:cli@2026-10-05T18:41:08,2026-10-05T18:41:08,"18:41  up 21:34, 1 user, load averages: 1.86 2.29 2.66",none,0,97394:python:94.3%
proof:dynamic:O@2026-10-05T18:42:12,2026-10-05T18:42:12,"18:42  up 21:35, 1 user, load averages: 2.08 2.26 2.62",none,0,97394:python:97.9% 13550:Codex (Renderer):20.5%
rustref:inplace:100@2026-10-05T18:42:35,2026-10-05T18:42:35,"18:42  up 21:36, 1 user, load averages: 2.11 2.26 2.61",none,0,97394:python:97.5%
rustref:inplace:200@2026-10-05T18:42:36,2026-10-05T18:42:36,"18:42  up 21:36, 1 user, load averages: 2.11 2.26 2.61",none,0,97394:python:97.8% 91340:XprotectService:28.5%
rustref:inplace:400@2026-10-05T18:42:36,2026-10-05T18:42:36,"18:42  up 21:36, 1 user, load averages: 2.11 2.26 2.61",none,0,97394:python:99.3% 91340:XprotectService:17.7%
rustref:inplace:800@2026-10-05T18:42:36,2026-10-05T18:42:36,"18:42  up 21:36, 1 user, load averages: 2.11 2.26 2.61",none,0,97394:python:107.9%
rustref:inplace:1600@2026-10-05T18:42:36,2026-10-05T18:42:36,"18:42  up 21:36, 1 user, load averages: 2.11 2.26 2.61",none,0,97394:python:107.1%
rustref:snoc:100@2026-10-05T18:42:36,2026-10-05T18:42:36,"18:42  up 21:36, 1 user, load averages: 2.11 2.26 2.61",none,0,97394:python:87.8%
rustref:snoc:200@2026-10-05T18:42:37,2026-10-05T18:42:37,"18:42  up 21:36, 1 user, load averages: 2.11 2.26 2.61",none,0,97394:python:95.8%
rustref:snoc:400@2026-10-05T18:42:37,2026-10-05T18:42:37,"18:42  up 21:36, 1 user, load averages: 2.10 2.25 2.61",none,0,97394:python:97.6%
rustref:snoc:800@2026-10-05T18:42:37,2026-10-05T18:42:37,"18:42  up 21:36, 1 user, load averages: 2.10 2.25 2.61",none,0,97394:python:95.7%
rustref:snoc:1600@2026-10-05T18:42:37,2026-10-05T18:42:37,"18:42  up 21:36, 1 user, load averages: 2.10 2.25 2.61",none,0,97394:python:111.8%
indexcost:vec_build_sum_closed_index:250@2026-10-05T18:42:37,2026-10-05T18:42:37,"18:42  up 21:36, 1 user, load averages: 2.10 2.25 2.61",none,0,97394:python:104.9%
indexcost:vec_build_sum:250@2026-10-05T18:43:10,2026-10-05T18:43:10,"18:43  up 21:36, 1 user, load averages: 1.87 2.18 2.57",none,0,1:launchd:23.9% 1561:UVFSService:15.4% 97394:python:11.1%
indexcost:vec_build_sum_closed_index:500@2026-10-05T18:43:17,2026-10-05T18:43:17,"18:43  up 21:36, 1 user, load averages: 1.73 2.14 2.55",none,0,97394:python:42.2% 1561:UVFSService:19.0%
indexcost:vec_build_sum:500@2026-10-05T18:44:19,2026-10-05T18:44:19,"18:44  up 21:37, 1 user, load averages: 2.71 2.35 2.60",none,0,367:mds:31.4% 97394:python:16.7% 1561:UVFSService:11.9%
indexcost:vec_build_sum_closed_index:1000@2026-10-05T18:44:27,2026-10-05T18:44:27,"18:44  up 21:38, 1 user, load averages: 2.90 2.40 2.62",none,0,367:mds:34.0% 97394:python:18.6% 1561:UVFSService:17.5%
indexcost:vec_build_sum:1000@2026-10-05T18:48:21,2026-10-05T18:48:21,"18:48  up 21:42, 1 user, load averages: 3.79 2.82 2.72",none,0,707:BackgroundShortcutRunner:46.3% 702:siriactionsd:37.4% 97394:python:16.2%
indexcost:vec_build_sum_closed_index:2000@2026-10-05T18:48:29,2026-10-05T18:48:29,"18:48  up 21:42, 1 user, load averages: 3.76 2.85 2.73",none,0,801:replayd:93.3% 707:BackgroundShortcutRunner:70.1% 702:siriactionsd:26.6%
indexcost:vec_build_sum_closed_index:2000@2026-10-05T19:43:26,2026-10-05T19:43:26,"19:43  up 22:37, 1 user, load averages: 4.08 7.60 5.59",none,0,1182:python:98.5% 412:WindowServer:26.1% 91206:com.apple.WebKit.Networking:24.4%
indexcost:vec_build_sum:2000@2026-10-05T19:51:32,2026-10-05T19:51:32,"19:51  up 22:45, 1 user, load averages: 4.16 5.18 5.15",none,0,1182:python:90.3% 2271:triald:62.0% 626:cloudd:54.6%
