label,backend,flags,status,build_seconds,binary_bytes,time
size_only_n100,dynamic,cli,ok,1.750,540088,2026-10-05T18:18:25
size_only_n100,dynamic,O,ok,0.702,469360,2026-10-05T18:18:26
size_only_n100,typed,cli,ok,1.714,477320,2026-10-05T18:18:28
size_only_n100,typed,O,ok,1.044,443416,2026-10-05T18:18:29
size_only_n1000,dynamic,cli,ok,1.605,540088,2026-10-05T18:18:32
size_only_n1000,dynamic,O,ok,0.625,469376,2026-10-05T18:18:33
size_only_n1000,typed,cli,ok,1.538,477320,2026-10-05T18:18:34
size_only_n1000,typed,O,ok,0.876,443448,2026-10-05T18:18:35
size_only_n1600,dynamic,cli,ok,1.541,540088,2026-10-05T18:18:39
size_only_n1600,dynamic,O,ok,0.619,469376,2026-10-05T18:18:39
size_only_n1600,typed,cli,ok,1.594,477320,2026-10-05T18:18:41
size_only_n1600,typed,O,ok,0.954,443448,2026-10-05T18:18:42
size_only_n32000,dynamic,cli,ok,1.728,540088,2026-10-05T18:18:45
size_only_n32000,dynamic,O,ok,0.700,469408,2026-10-05T18:18:46
size_only_n32000,typed,cli,ok,1.808,477320,2026-10-05T18:18:48
size_only_n32000,typed,O,ok,1.052,443488,2026-10-05T18:18:49
size_only_n256000,dynamic,cli,ok,1.783,540088,2026-10-05T18:18:53
size_only_n256000,dynamic,O,ok,0.768,469440,2026-10-05T18:18:54
size_only_n256000,typed,cli,ok,1.802,477320,2026-10-05T18:18:55
size_only_n256000,typed,O,ok,1.030,443520,2026-10-05T18:18:56
vec_build_sum_n1000,dynamic,cli,ok,1.850,631128,2026-10-05T18:19:01
vec_build_sum_n1000,dynamic,O,ok,1.038,529728,2026-10-05T18:19:02
vec_build_sum_n1000,typed,cli,ok,1.866,613640,2026-10-05T18:19:04
vec_build_sum_n1000,typed,O,ok,1.398,486640,2026-10-05T18:19:06
vec_build_sum_n2000,dynamic,cli,ok,1.845,631128,2026-10-05T18:19:24
vec_build_sum_n2000,dynamic,O,ok,1.072,529728,2026-10-05T18:19:25
vec_build_sum_n2000,typed,cli,ok,1.861,613640,2026-10-05T18:19:27
vec_build_sum_n2000,typed,O,ok,1.373,486640,2026-10-05T18:19:28
vec_build_sum_n4000,dynamic,cli,ok,2.238,631128,2026-10-05T18:20:15
vec_build_sum_n4000,dynamic,O,ok,1.029,529728,2026-10-05T18:20:16
vec_build_sum_n4000,typed,cli,ok,1.909,613640,2026-10-05T18:20:18
vec_build_sum_n4000,typed,O,ok,1.491,486640,2026-10-05T18:20:20
vec_build_sum_n8000,dynamic,cli,ok,2.215,631128,2026-10-05T18:22:17
vec_build_sum_n8000,dynamic,O,ok,0.931,529728,2026-10-05T18:22:18
vec_build_sum_n8000,typed,cli,ok,1.673,613640,2026-10-05T18:22:20
vec_build_sum_n8000,typed,O,ok,1.265,486640,2026-10-05T18:22:21
vec_build_sum_n16000,typed,cli,ok,3.753,613640,2026-10-05T18:24:19
vec_build_sum_n16000,typed,O,ok,1.368,486704,2026-10-05T18:24:21
vec_build_sum_n32000,typed,cli,ok,1.916,613640,2026-10-05T18:24:25
vec_build_sum_n32000,typed,O,ok,1.470,486704,2026-10-05T18:24:26
vec_build_sum_n64000,typed,cli,ok,1.926,613640,2026-10-05T18:24:31
vec_build_sum_n64000,typed,O,ok,1.446,486704,2026-10-05T18:24:33
vec_build_sum_n128000,typed,cli,ok,1.786,613640,2026-10-05T18:24:39
vec_build_sum_n128000,typed,O,ok,1.406,486784,2026-10-05T18:24:41
list_fold_n1000,dynamic,cli,ok,2.004,608952,2026-10-05T18:24:45
list_fold_n1000,dynamic,O,ok,0.961,509536,2026-10-05T18:24:46
list_fold_n1000,typed,cli,ok,1.833,581768,2026-10-05T18:24:48
list_fold_n1000,typed,O,ok,1.391,468248,2026-10-05T18:24:49
list_fold_n2000,dynamic,cli,ok,1.768,608952,2026-10-05T18:24:53
list_fold_n2000,dynamic,O,ok,0.962,509536,2026-10-05T18:24:54
list_fold_n2000,typed,cli,ok,1.848,581768,2026-10-05T18:24:56
list_fold_n2000,typed,O,ok,1.369,468248,2026-10-05T18:24:57
list_fold_n4000,dynamic,cli,ok,1.795,608952,2026-10-05T18:25:01
list_fold_n4000,dynamic,O,ok,0.956,509536,2026-10-05T18:25:02
list_fold_n4000,typed,cli,ok,1.751,581768,2026-10-05T18:25:04
list_fold_n4000,typed,O,ok,1.372,468248,2026-10-05T18:25:06
list_fold_n8000,dynamic,cli,ok,1.746,608952,2026-10-05T18:25:10
list_fold_n8000,dynamic,O,ok,0.891,509536,2026-10-05T18:25:11
list_fold_n8000,typed,cli,ok,1.864,581768,2026-10-05T18:25:12
list_fold_n8000,typed,O,ok,1.405,468248,2026-10-05T18:25:14
list_fold_n16000,dynamic,cli,ok,1.732,608952,2026-10-05T18:25:18
list_fold_n16000,dynamic,O,ok,0.884,509584,2026-10-05T18:25:19
list_fold_n16000,typed,cli,ok,1.771,581768,2026-10-05T18:25:21
list_fold_n16000,typed,O,ok,1.256,468336,2026-10-05T18:25:22
list_fold_n32000,dynamic,cli,ok,1.740,608952,2026-10-05T18:25:27
list_fold_n32000,dynamic,O,ok,0.825,509584,2026-10-05T18:25:28
list_fold_n32000,typed,cli,ok,1.671,581768,2026-10-05T18:25:30
list_fold_n32000,typed,O,ok,1.167,468336,2026-10-05T18:25:31
list_fold_n64000,dynamic,cli,ok,1.657,608952,2026-10-05T18:25:38
list_fold_n64000,dynamic,O,ok,0.828,509584,2026-10-05T18:25:38
list_fold_n64000,typed,cli,ok,1.593,581768,2026-10-05T18:25:40
list_fold_n64000,typed,O,ok,1.162,468336,2026-10-05T18:25:41
list_fold_n128000,dynamic,cli,ok,1.802,608952,2026-10-05T18:25:49
list_fold_n128000,dynamic,O,ok,0.917,509648,2026-10-05T18:25:50
list_fold_n128000,typed,cli,ok,1.677,581768,2026-10-05T18:25:51
list_fold_n128000,typed,O,ok,1.233,468416,2026-10-05T18:25:53
list_fold_n256000,typed,cli,ok,1.669,581768,2026-10-05T18:26:00
list_fold_n256000,typed,O,ok,1.259,468416,2026-10-05T18:26:01
proto_send_n1000,dynamic,cli,ok,1.809,756744,2026-10-05T18:26:07
proto_send_n1000,dynamic,O,ok,1.348,588144,2026-10-05T18:26:09
proto_send_n1000,typed,cli,ok,1.949,792680,2026-10-05T18:26:11
proto_send_n1000,typed,O,ok,1.775,529216,2026-10-05T18:26:12
proto_send_n2000,dynamic,cli,ok,1.800,756744,2026-10-05T18:26:27
proto_send_n2000,dynamic,O,ok,1.365,588144,2026-10-05T18:26:29
proto_send_n2000,typed,cli,ok,1.875,792680,2026-10-05T18:26:31
proto_send_n2000,typed,O,ok,1.795,529216,2026-10-05T18:26:33
proto_send_n4000,dynamic,cli,ok,1.708,756744,2026-10-05T18:27:18
proto_send_n4000,dynamic,O,ok,1.249,588144,2026-10-05T18:27:20
proto_send_n4000,typed,cli,ok,1.716,792680,2026-10-05T18:27:21
proto_send_n4000,typed,O,ok,1.655,529216,2026-10-05T18:27:23
proto_send_n8000,dynamic,cli,ok,2.177,756744,2026-10-05T18:29:19
proto_send_n8000,dynamic,O,ok,1.330,588144,2026-10-05T18:29:20
proto_send_n8000,typed,cli,ok,1.953,792680,2026-10-05T18:29:22
proto_send_n8000,typed,O,ok,1.823,529216,2026-10-05T18:29:24
proto_send_n16000,typed,cli,ok,2.723,792680,2026-10-05T18:31:09
proto_send_n16000,typed,O,ok,1.695,529376,2026-10-05T18:31:11
proto_send_n32000,typed,cli,ok,1.754,792680,2026-10-05T18:31:15
proto_send_n32000,typed,O,ok,1.705,529376,2026-10-05T18:31:17
proto_send_n64000,typed,cli,ok,1.755,792680,2026-10-05T18:31:23
proto_send_n64000,typed,O,ok,1.672,529376,2026-10-05T18:31:25
vec_rev_sum_n100,dynamic,cli,ok,1.773,776616,2026-10-05T18:31:29
vec_rev_sum_n100,dynamic,O,ok,1.405,589600,2026-10-05T18:31:30
vec_rev_sum_n100,typed,cli,ok,1.751,749224,2026-10-05T18:31:32
vec_rev_sum_n100,typed,O,ok,1.706,526448,2026-10-05T18:31:34
vec_rev_sum_n200,dynamic,cli,ok,1.811,776616,2026-10-05T18:31:42
vec_rev_sum_n200,dynamic,O,ok,1.540,589600,2026-10-05T18:31:44
vec_rev_sum_n200,typed,cli,ok,1.859,749224,2026-10-05T18:31:45
vec_rev_sum_n200,typed,O,ok,1.925,526448,2026-10-05T18:31:47
vec_rev_sum_n400,dynamic,cli,ok,1.822,776616,2026-10-05T18:32:20
vec_rev_sum_n400,dynamic,O,ok,1.522,589600,2026-10-05T18:32:22
vec_rev_sum_n400,typed,cli,ok,1.916,749224,2026-10-05T18:32:24
vec_rev_sum_n400,typed,O,ok,1.795,526448,2026-10-05T18:32:25
vec_rev_sum_n800,dynamic,cli,ok,1.886,776616,2026-10-05T18:34:55
vec_rev_sum_n800,dynamic,O,ok,1.484,589600,2026-10-05T18:34:57
vec_rev_sum_n800,typed,cli,ok,1.904,749224,2026-10-05T18:34:59
vec_rev_sum_n800,typed,O,ok,1.858,526448,2026-10-05T18:35:01
vec_rev_sum_n1600,typed,cli,ok,2.514,749224,2026-10-05T18:38:54
vec_rev_sum_n1600,typed,O,ok,1.875,526576,2026-10-05T18:38:56
proof_arg_without_c1000000,typed,cli,ok,1.802,477576,2026-10-05T18:39:14
proof_arg_without_c1000000,typed,O,ok,0.970,443768,2026-10-05T18:39:14
proof_arg_without_c1000000,dynamic,cli,ok,2.035,560440,2026-10-05T18:39:17
proof_arg_without_c1000000,dynamic,O,ok,0.752,487480,2026-10-05T18:39:17
proof_arg_with_c1000000,typed,cli,ok,1.864,481752,2026-10-05T18:39:19
proof_arg_with_c1000000,typed,O,ok,1.087,444320,2026-10-05T18:39:20
proof_arg_with_c1000000,dynamic,cli,ok,1.891,561448,2026-10-05T18:39:22
proof_arg_with_c1000000,dynamic,O,ok,0.809,487688,2026-10-05T18:39:23
proof_arg_without_c4000000,typed,cli,ok,2.775,477576,2026-10-05T18:40:04
proof_arg_without_c4000000,typed,O,ok,1.081,443768,2026-10-05T18:40:05
proof_arg_without_c4000000,dynamic,cli,ok,2.278,560440,2026-10-05T18:40:07
proof_arg_without_c4000000,dynamic,O,ok,0.803,487480,2026-10-05T18:40:08
proof_arg_with_c4000000,typed,cli,ok,2.219,481752,2026-10-05T18:40:10
proof_arg_with_c4000000,typed,O,ok,0.984,444320,2026-10-05T18:40:11
proof_arg_with_c4000000,dynamic,cli,ok,2.151,561448,2026-10-05T18:40:14
proof_arg_with_c4000000,dynamic,O,ok,0.757,487688,2026-10-05T18:40:14
