program,backend,phase,batch,time,warmup,rep,seconds,status,load1,load5,load15
case_studies/lrl/vectors.lrl,typed,cli_total,compile:vectors:typed@2026-10-05T18:08:43,2026-10-05T18:08:53,1,0,10.035958,ok,2.82,3.67,3.73
case_studies/lrl/vectors.lrl,typed,cli_total,compile:vectors:typed@2026-10-05T18:08:43,2026-10-05T18:09:03,0,0,9.814879,ok,3.07,3.70,3.74
case_studies/lrl/vectors.lrl,typed,cli_total,compile:vectors:typed@2026-10-05T18:08:43,2026-10-05T18:09:12,0,1,9.440062,ok,3.14,3.69,3.74
case_studies/lrl/vectors.lrl,typed,cli_total,compile:vectors:typed@2026-10-05T18:08:43,2026-10-05T18:09:21,0,2,9.446415,ok,3.04,3.65,3.72
case_studies/lrl/vectors.lrl,typed,cli_total,compile:vectors:typed@2026-10-05T18:08:43,2026-10-05T18:09:31,0,3,9.449656,ok,2.95,3.62,3.71
case_studies/lrl/vectors.lrl,typed,cli_total,compile:vectors:typed@2026-10-05T18:08:43,2026-10-05T18:09:41,0,4,9.687667,ok,3.27,3.67,3.73
case_studies/lrl/vectors.lrl,typed,cli_front_noop_rustc,compile:vectors:typed@2026-10-05T18:08:43,2026-10-05T18:09:49,1,0,8.164907,ok,3.40,3.68,3.73
case_studies/lrl/vectors.lrl,typed,cli_front_noop_rustc,compile:vectors:typed@2026-10-05T18:08:43,2026-10-05T18:09:57,0,0,7.910554,ok,3.56,3.70,3.74
case_studies/lrl/vectors.lrl,typed,cli_front_noop_rustc,compile:vectors:typed@2026-10-05T18:08:43,2026-10-05T18:10:05,0,1,7.938637,ok,3.43,3.67,3.73
case_studies/lrl/vectors.lrl,typed,cli_front_noop_rustc,compile:vectors:typed@2026-10-05T18:08:43,2026-10-05T18:10:13,0,2,7.766711,ok,3.60,3.70,3.74
case_studies/lrl/vectors.lrl,typed,cli_front_noop_rustc,compile:vectors:typed@2026-10-05T18:08:43,2026-10-05T18:10:20,0,3,7.828543,ok,3.63,3.71,3.74
case_studies/lrl/vectors.lrl,typed,cli_front_noop_rustc,compile:vectors:typed@2026-10-05T18:08:43,2026-10-05T18:10:28,0,4,7.791355,ok,3.45,3.67,3.72
case_studies/lrl/vectors.lrl,typed,cli_front_noop_rustc,compile:vectors:typed@2026-10-05T18:08:43,2026-10-05T18:10:36,0,5,7.859827,ok,3.34,3.64,3.71
case_studies/lrl/vectors.lrl,typed,cli_front_noop_rustc,compile:vectors:typed@2026-10-05T18:08:43,2026-10-05T18:10:44,0,6,7.936107,ok,3.22,3.60,3.70
case_studies/lrl/vectors.lrl,typed,cli_front_noop_rustc,compile:vectors:typed@2026-10-05T18:08:43,2026-10-05T18:10:52,0,7,7.987117,ok,3.18,3.58,3.69
case_studies/lrl/vectors.lrl,typed,cli_front_noop_rustc,compile:vectors:typed@2026-10-05T18:08:43,2026-10-05T18:11:00,0,8,7.974930,ok,3.41,3.62,3.70
case_studies/lrl/vectors.lrl,typed,cli_front_noop_rustc,compile:vectors:typed@2026-10-05T18:08:43,2026-10-05T18:11:08,0,9,7.985167,ok,3.34,3.60,3.69
case_studies/lrl/vectors.lrl,typed,rustc_cli_flags,compile:vectors:typed@2026-10-05T18:08:43,2026-10-05T18:11:10,1,0,1.947474,ok,3.34,3.60,3.69
case_studies/lrl/vectors.lrl,typed,rustc_cli_flags,compile:vectors:typed@2026-10-05T18:08:43,2026-10-05T18:11:12,0,0,1.914045,ok,3.55,3.64,3.71
case_studies/lrl/vectors.lrl,typed,rustc_cli_flags,compile:vectors:typed@2026-10-05T18:08:43,2026-10-05T18:11:14,0,1,1.879279,ok,3.55,3.64,3.71
case_studies/lrl/vectors.lrl,typed,rustc_cli_flags,compile:vectors:typed@2026-10-05T18:08:43,2026-10-05T18:11:16,0,2,1.942112,ok,3.55,3.64,3.71
case_studies/lrl/vectors.lrl,typed,rustc_cli_flags,compile:vectors:typed@2026-10-05T18:08:43,2026-10-05T18:11:18,0,3,1.935433,ok,3.43,3.61,3.70
case_studies/lrl/vectors.lrl,typed,rustc_cli_flags,compile:vectors:typed@2026-10-05T18:08:43,2026-10-05T18:11:20,0,4,1.964886,ok,3.43,3.61,3.70
case_studies/lrl/vectors.lrl,typed,rustc_cli_flags,compile:vectors:typed@2026-10-05T18:08:43,2026-10-05T18:11:22,0,5,1.892410,ok,3.39,3.60,3.69
case_studies/lrl/vectors.lrl,typed,rustc_cli_flags,compile:vectors:typed@2026-10-05T18:08:43,2026-10-05T18:11:24,0,6,1.925965,ok,3.39,3.60,3.69
case_studies/lrl/vectors.lrl,typed,rustc_cli_flags,compile:vectors:typed@2026-10-05T18:08:43,2026-10-05T18:11:26,0,7,1.905085,ok,3.39,3.60,3.69
case_studies/lrl/vectors.lrl,typed,rustc_cli_flags,compile:vectors:typed@2026-10-05T18:08:43,2026-10-05T18:11:28,0,8,1.886213,ok,3.68,3.66,3.71
case_studies/lrl/vectors.lrl,typed,rustc_cli_flags,compile:vectors:typed@2026-10-05T18:08:43,2026-10-05T18:11:29,0,9,1.875458,ok,3.68,3.66,3.71
case_studies/lrl/vectors.lrl,typed,rustc_O,compile:vectors:typed@2026-10-05T18:08:43,2026-10-05T18:11:34,1,0,4.149581,ok,3.71,3.66,3.71
case_studies/lrl/vectors.lrl,typed,rustc_O,compile:vectors:typed@2026-10-05T18:08:43,2026-10-05T18:11:38,0,0,4.114137,ok,3.73,3.67,3.71
case_studies/lrl/vectors.lrl,typed,rustc_O,compile:vectors:typed@2026-10-05T18:08:43,2026-10-05T18:11:42,0,1,4.146715,ok,3.75,3.67,3.72
case_studies/lrl/vectors.lrl,typed,rustc_O,compile:vectors:typed@2026-10-05T18:08:43,2026-10-05T18:11:46,0,2,4.128566,ok,3.75,3.67,3.72
case_studies/lrl/vectors.lrl,typed,rustc_O,compile:vectors:typed@2026-10-05T18:08:43,2026-10-05T18:11:50,0,3,3.715041,ok,4.01,3.73,3.73
case_studies/lrl/vectors.lrl,typed,rustc_O,compile:vectors:typed@2026-10-05T18:08:43,2026-10-05T18:11:53,0,4,3.702128,ok,3.85,3.70,3.72
case_studies/lrl/vectors.lrl,typed,rustc_O,compile:vectors:typed@2026-10-05T18:08:43,2026-10-05T18:11:57,0,5,3.749201,ok,3.78,3.69,3.72
case_studies/lrl/vectors.lrl,typed,rustc_O,compile:vectors:typed@2026-10-05T18:08:43,2026-10-05T18:12:01,0,6,3.709699,ok,3.78,3.69,3.72
case_studies/lrl/vectors.lrl,typed,rustc_O,compile:vectors:typed@2026-10-05T18:08:43,2026-10-05T18:12:05,0,7,3.701705,ok,3.64,3.66,3.71
case_studies/lrl/vectors.lrl,typed,rustc_O,compile:vectors:typed@2026-10-05T18:08:43,2026-10-05T18:12:08,0,8,3.779153,ok,3.83,3.70,3.72
case_studies/lrl/vectors.lrl,typed,rustc_O,compile:vectors:typed@2026-10-05T18:08:43,2026-10-05T18:12:12,0,9,3.817564,ok,3.84,3.70,3.72
case_studies/lrl/vectors.lrl,dynamic,cli_total,compile:vectors:dynamic@2026-10-05T18:12:12,2026-10-05T18:12:22,1,0,9.310539,ok,3.88,3.71,3.73
case_studies/lrl/vectors.lrl,dynamic,cli_total,compile:vectors:dynamic@2026-10-05T18:12:12,2026-10-05T18:12:31,0,0,9.417792,ok,3.89,3.72,3.73
case_studies/lrl/vectors.lrl,dynamic,cli_total,compile:vectors:dynamic@2026-10-05T18:12:12,2026-10-05T18:12:41,0,1,9.457850,ok,3.83,3.71,3.73
case_studies/lrl/vectors.lrl,dynamic,cli_total,compile:vectors:dynamic@2026-10-05T18:12:12,2026-10-05T18:12:50,0,2,9.538975,ok,3.70,3.69,3.72
case_studies/lrl/vectors.lrl,dynamic,cli_total,compile:vectors:dynamic@2026-10-05T18:12:12,2026-10-05T18:13:00,0,3,9.457101,ok,3.74,3.69,3.72
case_studies/lrl/vectors.lrl,dynamic,cli_total,compile:vectors:dynamic@2026-10-05T18:12:12,2026-10-05T18:13:09,0,4,9.533187,ok,3.69,3.69,3.72
case_studies/lrl/vectors.lrl,dynamic,cli_total,compile:vectors:dynamic@2026-10-05T18:12:12,2026-10-05T18:13:19,0,5,9.502247,ok,3.51,3.65,3.70
case_studies/lrl/vectors.lrl,dynamic,cli_total,compile:vectors:dynamic@2026-10-05T18:12:12,2026-10-05T18:13:28,0,6,9.430689,ok,3.35,3.61,3.69
case_studies/lrl/vectors.lrl,dynamic,cli_total,compile:vectors:dynamic@2026-10-05T18:12:12,2026-10-05T18:13:38,0,7,9.649377,ok,3.31,3.59,3.68
case_studies/lrl/vectors.lrl,dynamic,cli_total,compile:vectors:dynamic@2026-10-05T18:12:12,2026-10-05T18:13:48,0,8,9.566710,ok,3.35,3.59,3.68
case_studies/lrl/vectors.lrl,dynamic,cli_total,compile:vectors:dynamic@2026-10-05T18:12:12,2026-10-05T18:13:57,0,9,9.485011,ok,3.53,3.62,3.68
case_studies/lrl/vectors.lrl,dynamic,cli_front_noop_rustc,compile:vectors:dynamic@2026-10-05T18:12:12,2026-10-05T18:14:05,1,0,8.019856,ok,3.64,3.64,3.69
case_studies/lrl/vectors.lrl,dynamic,cli_front_noop_rustc,compile:vectors:dynamic@2026-10-05T18:12:12,2026-10-05T18:14:13,0,0,8.003426,ok,4.01,3.72,3.72
case_studies/lrl/vectors.lrl,dynamic,cli_front_noop_rustc,compile:vectors:dynamic@2026-10-05T18:12:12,2026-10-05T18:14:21,0,1,8.050148,ok,4.17,3.75,3.73
case_studies/lrl/vectors.lrl,dynamic,cli_front_noop_rustc,compile:vectors:dynamic@2026-10-05T18:12:12,2026-10-05T18:14:29,0,2,7.963627,ok,4.45,3.83,3.76
case_studies/lrl/vectors.lrl,dynamic,cli_front_noop_rustc,compile:vectors:dynamic@2026-10-05T18:12:12,2026-10-05T18:14:37,0,3,7.907196,ok,4.23,3.80,3.75
case_studies/lrl/vectors.lrl,dynamic,cli_front_noop_rustc,compile:vectors:dynamic@2026-10-05T18:12:12,2026-10-05T18:14:45,0,4,7.910006,ok,4.29,3.82,3.76
case_studies/lrl/vectors.lrl,dynamic,cli_front_noop_rustc,compile:vectors:dynamic@2026-10-05T18:12:12,2026-10-05T18:14:53,0,5,7.923913,ok,4.33,3.84,3.76
case_studies/lrl/vectors.lrl,dynamic,cli_front_noop_rustc,compile:vectors:dynamic@2026-10-05T18:12:12,2026-10-05T18:15:01,0,6,7.958417,ok,4.30,3.84,3.76
case_studies/lrl/vectors.lrl,dynamic,cli_front_noop_rustc,compile:vectors:dynamic@2026-10-05T18:12:12,2026-10-05T18:15:09,0,7,7.984973,ok,4.33,3.87,3.77
case_studies/lrl/vectors.lrl,dynamic,cli_front_noop_rustc,compile:vectors:dynamic@2026-10-05T18:12:12,2026-10-05T18:15:17,0,8,7.729698,ok,4.12,3.84,3.76
case_studies/lrl/vectors.lrl,dynamic,cli_front_noop_rustc,compile:vectors:dynamic@2026-10-05T18:12:12,2026-10-05T18:15:25,0,9,7.746756,ok,4.19,3.85,3.77
case_studies/lrl/vectors.lrl,dynamic,rustc_cli_flags,compile:vectors:dynamic@2026-10-05T18:12:12,2026-10-05T18:15:26,1,0,1.724524,ok,4.19,3.85,3.77
case_studies/lrl/vectors.lrl,dynamic,rustc_cli_flags,compile:vectors:dynamic@2026-10-05T18:12:12,2026-10-05T18:15:28,0,0,1.439995,ok,4.01,3.82,3.76
case_studies/lrl/vectors.lrl,dynamic,rustc_cli_flags,compile:vectors:dynamic@2026-10-05T18:12:12,2026-10-05T18:15:29,0,1,1.372466,ok,4.01,3.82,3.76
case_studies/lrl/vectors.lrl,dynamic,rustc_cli_flags,compile:vectors:dynamic@2026-10-05T18:12:12,2026-10-05T18:15:31,0,2,1.385638,ok,4.01,3.82,3.76
case_studies/lrl/vectors.lrl,dynamic,rustc_cli_flags,compile:vectors:dynamic@2026-10-05T18:12:12,2026-10-05T18:15:32,0,3,1.375902,ok,4.01,3.83,3.76
case_studies/lrl/vectors.lrl,dynamic,rustc_cli_flags,compile:vectors:dynamic@2026-10-05T18:12:12,2026-10-05T18:15:34,0,4,1.377787,ok,4.01,3.83,3.76
case_studies/lrl/vectors.lrl,dynamic,rustc_cli_flags,compile:vectors:dynamic@2026-10-05T18:12:12,2026-10-05T18:15:35,0,5,1.389629,ok,4.01,3.83,3.76
case_studies/lrl/vectors.lrl,dynamic,rustc_cli_flags,compile:vectors:dynamic@2026-10-05T18:12:12,2026-10-05T18:15:36,0,6,1.385869,ok,4.01,3.83,3.76
case_studies/lrl/vectors.lrl,dynamic,rustc_cli_flags,compile:vectors:dynamic@2026-10-05T18:12:12,2026-10-05T18:15:38,0,7,1.368841,ok,3.85,3.80,3.75
case_studies/lrl/vectors.lrl,dynamic,rustc_cli_flags,compile:vectors:dynamic@2026-10-05T18:12:12,2026-10-05T18:15:39,0,8,1.362922,ok,3.85,3.80,3.75
case_studies/lrl/vectors.lrl,dynamic,rustc_cli_flags,compile:vectors:dynamic@2026-10-05T18:12:12,2026-10-05T18:15:41,0,9,1.429323,ok,3.85,3.80,3.75
case_studies/lrl/vectors.lrl,dynamic,rustc_O,compile:vectors:dynamic@2026-10-05T18:12:12,2026-10-05T18:15:44,1,0,3.572793,ok,3.86,3.80,3.75
case_studies/lrl/vectors.lrl,dynamic,rustc_O,compile:vectors:dynamic@2026-10-05T18:12:12,2026-10-05T18:15:48,0,0,3.607042,ok,3.71,3.77,3.74
case_studies/lrl/vectors.lrl,dynamic,rustc_O,compile:vectors:dynamic@2026-10-05T18:12:12,2026-10-05T18:15:51,0,1,3.505606,ok,3.71,3.77,3.74
case_studies/lrl/vectors.lrl,dynamic,rustc_O,compile:vectors:dynamic@2026-10-05T18:12:12,2026-10-05T18:15:55,0,2,3.553183,ok,3.58,3.74,3.73
case_studies/lrl/vectors.lrl,dynamic,rustc_O,compile:vectors:dynamic@2026-10-05T18:12:12,2026-10-05T18:15:58,0,3,3.513764,ok,3.45,3.71,3.72
case_studies/lrl/vectors.lrl,dynamic,rustc_O,compile:vectors:dynamic@2026-10-05T18:12:12,2026-10-05T18:16:02,0,4,3.647127,ok,3.33,3.68,3.71
case_studies/lrl/vectors.lrl,dynamic,rustc_O,compile:vectors:dynamic@2026-10-05T18:12:12,2026-10-05T18:16:06,0,5,3.682921,ok,3.33,3.68,3.71
case_studies/lrl/vectors.lrl,dynamic,rustc_O,compile:vectors:dynamic@2026-10-05T18:12:12,2026-10-05T18:16:09,0,6,3.593842,ok,3.39,3.69,3.71
case_studies/lrl/vectors.lrl,dynamic,rustc_O,compile:vectors:dynamic@2026-10-05T18:12:12,2026-10-05T18:16:13,0,7,3.591021,ok,3.84,3.77,3.74
case_studies/lrl/vectors.lrl,dynamic,rustc_O,compile:vectors:dynamic@2026-10-05T18:12:12,2026-10-05T18:16:17,0,8,3.619492,ok,3.84,3.77,3.74
case_studies/lrl/vectors.lrl,dynamic,rustc_O,compile:vectors:dynamic@2026-10-05T18:12:12,2026-10-05T18:16:20,0,9,3.456794,ok,3.69,3.74,3.73
case_studies/lrl/protocol.lrl,typed,cli_total,compile:protocol:typed@2026-10-05T18:16:20,2026-10-05T18:16:22,1,0,1.951734,ok,3.63,3.73,3.73
case_studies/lrl/protocol.lrl,typed,cli_total,compile:protocol:typed@2026-10-05T18:16:20,2026-10-05T18:16:24,0,0,1.861629,ok,3.63,3.73,3.73
case_studies/lrl/protocol.lrl,typed,cli_total,compile:protocol:typed@2026-10-05T18:16:20,2026-10-05T18:16:26,0,1,1.971876,ok,3.63,3.73,3.73
case_studies/lrl/protocol.lrl,typed,cli_total,compile:protocol:typed@2026-10-05T18:16:20,2026-10-05T18:16:28,0,2,1.980883,ok,3.42,3.69,3.71
case_studies/lrl/protocol.lrl,typed,cli_total,compile:protocol:typed@2026-10-05T18:16:20,2026-10-05T18:16:30,0,3,1.948653,ok,3.42,3.69,3.71
case_studies/lrl/protocol.lrl,typed,cli_total,compile:protocol:typed@2026-10-05T18:16:20,2026-10-05T18:16:32,0,4,1.915211,ok,3.31,3.66,3.70
case_studies/lrl/protocol.lrl,typed,cli_total,compile:protocol:typed@2026-10-05T18:16:20,2026-10-05T18:16:34,0,5,1.889582,ok,3.31,3.66,3.70
case_studies/lrl/protocol.lrl,typed,cli_total,compile:protocol:typed@2026-10-05T18:16:20,2026-10-05T18:16:36,0,6,1.904564,ok,3.31,3.66,3.70
case_studies/lrl/protocol.lrl,typed,cli_total,compile:protocol:typed@2026-10-05T18:16:20,2026-10-05T18:16:38,0,7,1.959419,ok,3.20,3.63,3.69
case_studies/lrl/protocol.lrl,typed,cli_total,compile:protocol:typed@2026-10-05T18:16:20,2026-10-05T18:16:40,0,8,1.855724,ok,3.20,3.63,3.69
case_studies/lrl/protocol.lrl,typed,cli_total,compile:protocol:typed@2026-10-05T18:16:20,2026-10-05T18:16:42,0,9,1.864130,ok,3.20,3.63,3.69
case_studies/lrl/protocol.lrl,typed,cli_front_noop_rustc,compile:protocol:typed@2026-10-05T18:16:20,2026-10-05T18:16:42,1,0,0.595907,ok,3.03,3.58,3.67
case_studies/lrl/protocol.lrl,typed,cli_front_noop_rustc,compile:protocol:typed@2026-10-05T18:16:20,2026-10-05T18:16:43,1,1,0.597276,ok,3.03,3.58,3.67
case_studies/lrl/protocol.lrl,typed,cli_front_noop_rustc,compile:protocol:typed@2026-10-05T18:16:20,2026-10-05T18:16:44,0,0,0.589866,ok,3.03,3.58,3.67
case_studies/lrl/protocol.lrl,typed,cli_front_noop_rustc,compile:protocol:typed@2026-10-05T18:16:20,2026-10-05T18:16:44,0,1,0.609852,ok,3.03,3.58,3.67
case_studies/lrl/protocol.lrl,typed,cli_front_noop_rustc,compile:protocol:typed@2026-10-05T18:16:20,2026-10-05T18:16:45,0,2,0.599589,ok,3.03,3.58,3.67
case_studies/lrl/protocol.lrl,typed,cli_front_noop_rustc,compile:protocol:typed@2026-10-05T18:16:20,2026-10-05T18:16:45,0,3,0.590794,ok,3.03,3.58,3.67
case_studies/lrl/protocol.lrl,typed,cli_front_noop_rustc,compile:protocol:typed@2026-10-05T18:16:20,2026-10-05T18:16:46,0,4,0.598646,ok,3.03,3.58,3.67
case_studies/lrl/protocol.lrl,typed,cli_front_noop_rustc,compile:protocol:typed@2026-10-05T18:16:20,2026-10-05T18:16:47,0,5,0.600973,ok,3.03,3.58,3.67
case_studies/lrl/protocol.lrl,typed,cli_front_noop_rustc,compile:protocol:typed@2026-10-05T18:16:20,2026-10-05T18:16:47,0,6,0.586170,ok,2.94,3.56,3.66
case_studies/lrl/protocol.lrl,typed,cli_front_noop_rustc,compile:protocol:typed@2026-10-05T18:16:20,2026-10-05T18:16:48,0,7,0.610519,ok,2.94,3.56,3.66
case_studies/lrl/protocol.lrl,typed,cli_front_noop_rustc,compile:protocol:typed@2026-10-05T18:16:20,2026-10-05T18:16:49,0,8,0.613323,ok,2.94,3.56,3.66
case_studies/lrl/protocol.lrl,typed,cli_front_noop_rustc,compile:protocol:typed@2026-10-05T18:16:20,2026-10-05T18:16:49,0,9,0.616933,ok,2.94,3.56,3.66
case_studies/lrl/protocol.lrl,typed,rustc_cli_flags,compile:protocol:typed@2026-10-05T18:16:20,2026-10-05T18:16:51,1,0,1.305440,ok,2.94,3.56,3.66
case_studies/lrl/protocol.lrl,typed,rustc_cli_flags,compile:protocol:typed@2026-10-05T18:16:20,2026-10-05T18:16:52,0,0,1.270753,ok,2.94,3.56,3.66
case_studies/lrl/protocol.lrl,typed,rustc_cli_flags,compile:protocol:typed@2026-10-05T18:16:20,2026-10-05T18:16:53,0,1,1.289273,ok,3.03,3.57,3.67
case_studies/lrl/protocol.lrl,typed,rustc_cli_flags,compile:protocol:typed@2026-10-05T18:16:20,2026-10-05T18:16:54,0,2,1.269891,ok,3.03,3.57,3.67
case_studies/lrl/protocol.lrl,typed,rustc_cli_flags,compile:protocol:typed@2026-10-05T18:16:20,2026-10-05T18:16:56,0,3,1.261274,ok,3.03,3.57,3.67
case_studies/lrl/protocol.lrl,typed,rustc_cli_flags,compile:protocol:typed@2026-10-05T18:16:20,2026-10-05T18:16:57,0,4,1.343278,ok,2.95,3.54,3.66
case_studies/lrl/protocol.lrl,typed,rustc_cli_flags,compile:protocol:typed@2026-10-05T18:16:20,2026-10-05T18:16:58,0,5,1.229669,ok,2.95,3.54,3.66
case_studies/lrl/protocol.lrl,typed,rustc_cli_flags,compile:protocol:typed@2026-10-05T18:16:20,2026-10-05T18:17:00,0,6,1.246566,ok,2.95,3.54,3.66
case_studies/lrl/protocol.lrl,typed,rustc_cli_flags,compile:protocol:typed@2026-10-05T18:16:20,2026-10-05T18:17:01,0,7,1.424240,ok,2.95,3.54,3.66
case_studies/lrl/protocol.lrl,typed,rustc_cli_flags,compile:protocol:typed@2026-10-05T18:16:20,2026-10-05T18:17:02,0,8,1.268361,ok,3.35,3.61,3.68
case_studies/lrl/protocol.lrl,typed,rustc_cli_flags,compile:protocol:typed@2026-10-05T18:16:20,2026-10-05T18:17:04,0,9,1.379425,ok,3.35,3.61,3.68
case_studies/lrl/protocol.lrl,typed,rustc_O,compile:protocol:typed@2026-10-05T18:16:20,2026-10-05T18:17:06,1,0,1.956245,ok,3.35,3.61,3.68
case_studies/lrl/protocol.lrl,typed,rustc_O,compile:protocol:typed@2026-10-05T18:16:20,2026-10-05T18:17:08,0,0,2.002291,ok,3.56,3.65,3.69
case_studies/lrl/protocol.lrl,typed,rustc_O,compile:protocol:typed@2026-10-05T18:16:20,2026-10-05T18:17:10,0,1,1.892092,ok,3.56,3.65,3.69
case_studies/lrl/protocol.lrl,typed,rustc_O,compile:protocol:typed@2026-10-05T18:16:20,2026-10-05T18:17:12,0,2,1.867495,ok,3.56,3.65,3.69
case_studies/lrl/protocol.lrl,typed,rustc_O,compile:protocol:typed@2026-10-05T18:16:20,2026-10-05T18:17:13,0,3,1.858966,ok,3.60,3.66,3.70
case_studies/lrl/protocol.lrl,typed,rustc_O,compile:protocol:typed@2026-10-05T18:16:20,2026-10-05T18:17:15,0,4,1.866698,ok,3.60,3.66,3.70
case_studies/lrl/protocol.lrl,typed,rustc_O,compile:protocol:typed@2026-10-05T18:16:20,2026-10-05T18:17:17,0,5,1.998879,ok,3.47,3.63,3.69
case_studies/lrl/protocol.lrl,typed,rustc_O,compile:protocol:typed@2026-10-05T18:16:20,2026-10-05T18:17:19,0,6,1.798318,ok,3.47,3.63,3.69
case_studies/lrl/protocol.lrl,typed,rustc_O,compile:protocol:typed@2026-10-05T18:16:20,2026-10-05T18:17:21,0,7,1.816634,ok,3.47,3.63,3.69
case_studies/lrl/protocol.lrl,typed,rustc_O,compile:protocol:typed@2026-10-05T18:16:20,2026-10-05T18:17:23,0,8,1.866002,ok,3.27,3.59,3.67
case_studies/lrl/protocol.lrl,typed,rustc_O,compile:protocol:typed@2026-10-05T18:16:20,2026-10-05T18:17:25,0,9,1.801350,ok,3.27,3.59,3.67
case_studies/lrl/protocol.lrl,dynamic,cli_total,compile:protocol:dynamic@2026-10-05T18:17:25,2026-10-05T18:17:27,1,0,1.839393,ok,3.27,3.59,3.67
case_studies/lrl/protocol.lrl,dynamic,cli_total,compile:protocol:dynamic@2026-10-05T18:17:25,2026-10-05T18:17:28,0,0,1.862833,ok,3.25,3.58,3.67
case_studies/lrl/protocol.lrl,dynamic,cli_total,compile:protocol:dynamic@2026-10-05T18:17:25,2026-10-05T18:17:30,0,1,1.881412,ok,3.25,3.58,3.67
case_studies/lrl/protocol.lrl,dynamic,cli_total,compile:protocol:dynamic@2026-10-05T18:17:25,2026-10-05T18:17:32,0,2,1.827301,ok,3.47,3.62,3.68
case_studies/lrl/protocol.lrl,dynamic,cli_total,compile:protocol:dynamic@2026-10-05T18:17:25,2026-10-05T18:17:35,0,3,2.188203,ok,3.47,3.62,3.68
case_studies/lrl/protocol.lrl,dynamic,cli_total,compile:protocol:dynamic@2026-10-05T18:17:25,2026-10-05T18:17:36,0,4,1.837884,ok,3.47,3.62,3.68
case_studies/lrl/protocol.lrl,dynamic,cli_total,compile:protocol:dynamic@2026-10-05T18:17:25,2026-10-05T18:17:38,0,5,1.883538,ok,3.59,3.64,3.69
case_studies/lrl/protocol.lrl,dynamic,cli_total,compile:protocol:dynamic@2026-10-05T18:17:25,2026-10-05T18:17:40,0,6,1.858428,ok,3.59,3.64,3.69
case_studies/lrl/protocol.lrl,dynamic,cli_total,compile:protocol:dynamic@2026-10-05T18:17:25,2026-10-05T18:17:42,0,7,1.894708,ok,3.62,3.65,3.69
case_studies/lrl/protocol.lrl,dynamic,cli_total,compile:protocol:dynamic@2026-10-05T18:17:25,2026-10-05T18:17:44,0,8,1.859761,ok,3.62,3.65,3.69
case_studies/lrl/protocol.lrl,dynamic,cli_total,compile:protocol:dynamic@2026-10-05T18:17:25,2026-10-05T18:17:46,0,9,1.837821,ok,3.62,3.65,3.69
case_studies/lrl/protocol.lrl,dynamic,cli_front_noop_rustc,compile:protocol:dynamic@2026-10-05T18:17:25,2026-10-05T18:17:47,1,0,0.598174,ok,3.62,3.65,3.69
case_studies/lrl/protocol.lrl,dynamic,cli_front_noop_rustc,compile:protocol:dynamic@2026-10-05T18:17:25,2026-10-05T18:17:47,1,1,0.597357,ok,3.65,3.65,3.69
case_studies/lrl/protocol.lrl,dynamic,cli_front_noop_rustc,compile:protocol:dynamic@2026-10-05T18:17:25,2026-10-05T18:17:48,0,0,0.599791,ok,3.65,3.65,3.69
case_studies/lrl/protocol.lrl,dynamic,cli_front_noop_rustc,compile:protocol:dynamic@2026-10-05T18:17:25,2026-10-05T18:17:49,0,1,0.582461,ok,3.65,3.65,3.69
case_studies/lrl/protocol.lrl,dynamic,cli_front_noop_rustc,compile:protocol:dynamic@2026-10-05T18:17:25,2026-10-05T18:17:49,0,2,0.589413,ok,3.65,3.65,3.69
case_studies/lrl/protocol.lrl,dynamic,cli_front_noop_rustc,compile:protocol:dynamic@2026-10-05T18:17:25,2026-10-05T18:17:50,0,3,0.589504,ok,3.65,3.65,3.69
case_studies/lrl/protocol.lrl,dynamic,cli_front_noop_rustc,compile:protocol:dynamic@2026-10-05T18:17:25,2026-10-05T18:17:50,0,4,0.598694,ok,3.65,3.65,3.69
case_studies/lrl/protocol.lrl,dynamic,cli_front_noop_rustc,compile:protocol:dynamic@2026-10-05T18:17:25,2026-10-05T18:17:51,0,5,0.595471,ok,3.65,3.65,3.69
case_studies/lrl/protocol.lrl,dynamic,cli_front_noop_rustc,compile:protocol:dynamic@2026-10-05T18:17:25,2026-10-05T18:17:52,0,6,0.570558,ok,3.65,3.65,3.69
case_studies/lrl/protocol.lrl,dynamic,cli_front_noop_rustc,compile:protocol:dynamic@2026-10-05T18:17:25,2026-10-05T18:17:52,0,7,0.588836,ok,3.68,3.66,3.69
case_studies/lrl/protocol.lrl,dynamic,cli_front_noop_rustc,compile:protocol:dynamic@2026-10-05T18:17:25,2026-10-05T18:17:53,0,8,0.574626,ok,3.68,3.66,3.69
case_studies/lrl/protocol.lrl,dynamic,cli_front_noop_rustc,compile:protocol:dynamic@2026-10-05T18:17:25,2026-10-05T18:17:53,0,9,0.579515,ok,3.68,3.66,3.69
case_studies/lrl/protocol.lrl,dynamic,rustc_cli_flags,compile:protocol:dynamic@2026-10-05T18:17:25,2026-10-05T18:17:55,1,0,1.190356,ok,3.68,3.66,3.69
case_studies/lrl/protocol.lrl,dynamic,rustc_cli_flags,compile:protocol:dynamic@2026-10-05T18:17:25,2026-10-05T18:17:56,0,0,1.094482,ok,3.68,3.66,3.69
case_studies/lrl/protocol.lrl,dynamic,rustc_cli_flags,compile:protocol:dynamic@2026-10-05T18:17:25,2026-10-05T18:17:57,0,1,1.120257,ok,3.68,3.66,3.69
case_studies/lrl/protocol.lrl,dynamic,rustc_cli_flags,compile:protocol:dynamic@2026-10-05T18:17:25,2026-10-05T18:17:58,0,2,1.108516,ok,3.47,3.61,3.67
case_studies/lrl/protocol.lrl,dynamic,rustc_cli_flags,compile:protocol:dynamic@2026-10-05T18:17:25,2026-10-05T18:17:59,0,3,1.054640,ok,3.47,3.61,3.67
case_studies/lrl/protocol.lrl,dynamic,rustc_cli_flags,compile:protocol:dynamic@2026-10-05T18:17:25,2026-10-05T18:18:00,0,4,0.954803,ok,3.47,3.61,3.67
case_studies/lrl/protocol.lrl,dynamic,rustc_cli_flags,compile:protocol:dynamic@2026-10-05T18:17:25,2026-10-05T18:18:01,0,5,1.127291,ok,3.47,3.61,3.67
case_studies/lrl/protocol.lrl,dynamic,rustc_cli_flags,compile:protocol:dynamic@2026-10-05T18:17:25,2026-10-05T18:18:03,0,6,1.177003,ok,3.67,3.65,3.69
case_studies/lrl/protocol.lrl,dynamic,rustc_cli_flags,compile:protocol:dynamic@2026-10-05T18:17:25,2026-10-05T18:18:04,0,7,1.176132,ok,3.67,3.65,3.69
case_studies/lrl/protocol.lrl,dynamic,rustc_cli_flags,compile:protocol:dynamic@2026-10-05T18:17:25,2026-10-05T18:18:05,0,8,1.223111,ok,3.67,3.65,3.69
case_studies/lrl/protocol.lrl,dynamic,rustc_cli_flags,compile:protocol:dynamic@2026-10-05T18:17:25,2026-10-05T18:18:06,0,9,1.127367,ok,3.67,3.65,3.69
case_studies/lrl/protocol.lrl,dynamic,rustc_O,compile:protocol:dynamic@2026-10-05T18:17:25,2026-10-05T18:18:08,1,0,1.480814,ok,3.54,3.62,3.68
case_studies/lrl/protocol.lrl,dynamic,rustc_O,compile:protocol:dynamic@2026-10-05T18:17:25,2026-10-05T18:18:09,0,0,1.616418,ok,3.54,3.62,3.68
case_studies/lrl/protocol.lrl,dynamic,rustc_O,compile:protocol:dynamic@2026-10-05T18:17:25,2026-10-05T18:18:11,0,1,1.588669,ok,3.54,3.62,3.68
case_studies/lrl/protocol.lrl,dynamic,rustc_O,compile:protocol:dynamic@2026-10-05T18:17:25,2026-10-05T18:18:12,0,2,1.607613,ok,3.41,3.60,3.67
case_studies/lrl/protocol.lrl,dynamic,rustc_O,compile:protocol:dynamic@2026-10-05T18:17:25,2026-10-05T18:18:14,0,3,1.592028,ok,3.41,3.60,3.67
case_studies/lrl/protocol.lrl,dynamic,rustc_O,compile:protocol:dynamic@2026-10-05T18:17:25,2026-10-05T18:18:16,0,4,1.554365,ok,3.41,3.60,3.67
case_studies/lrl/protocol.lrl,dynamic,rustc_O,compile:protocol:dynamic@2026-10-05T18:17:25,2026-10-05T18:18:17,0,5,1.579625,ok,3.41,3.60,3.67
case_studies/lrl/protocol.lrl,dynamic,rustc_O,compile:protocol:dynamic@2026-10-05T18:17:25,2026-10-05T18:18:19,0,6,1.572867,ok,3.94,3.70,3.70
case_studies/lrl/protocol.lrl,dynamic,rustc_O,compile:protocol:dynamic@2026-10-05T18:17:25,2026-10-05T18:18:20,0,7,1.550823,ok,3.94,3.70,3.70
case_studies/lrl/protocol.lrl,dynamic,rustc_O,compile:protocol:dynamic@2026-10-05T18:17:25,2026-10-05T18:18:22,0,8,1.505148,ok,3.94,3.70,3.70
case_studies/lrl/protocol.lrl,dynamic,rustc_O,compile:protocol:dynamic@2026-10-05T18:17:25,2026-10-05T18:18:23,0,9,1.600267,ok,3.86,3.69,3.70
