program,n,backend,phase,batch,time,warmup,rep,seconds,status,load1,load5,load15
vec_build_sum_closed_index,250,typed,cli_front_noop_rustc,indexcost:vec_build_sum_closed_index:250@2026-10-05T18:42:37,2026-10-05T18:42:41,1,0,3.219361,ok,2.10,2.25,2.61
vec_build_sum_closed_index,250,typed,cli_front_noop_rustc,indexcost:vec_build_sum_closed_index:250@2026-10-05T18:42:37,2026-10-05T18:42:44,0,0,2.956823,ok,2.09,2.25,2.61
vec_build_sum_closed_index,250,typed,cli_front_noop_rustc,indexcost:vec_build_sum_closed_index:250@2026-10-05T18:42:37,2026-10-05T18:42:47,0,1,2.970970,ok,2.09,2.25,2.61
vec_build_sum_closed_index,250,typed,cli_front_noop_rustc,indexcost:vec_build_sum_closed_index:250@2026-10-05T18:42:37,2026-10-05T18:42:49,0,2,2.957533,ok,2.01,2.23,2.60
vec_build_sum_closed_index,250,typed,cli_front_noop_rustc,indexcost:vec_build_sum_closed_index:250@2026-10-05T18:42:37,2026-10-05T18:42:52,0,3,2.954294,ok,1.92,2.21,2.59
vec_build_sum_closed_index,250,typed,cli_front_noop_rustc,indexcost:vec_build_sum_closed_index:250@2026-10-05T18:42:37,2026-10-05T18:42:55,0,4,2.961005,ok,1.92,2.21,2.59
vec_build_sum_closed_index,250,typed,cli_front_noop_rustc,indexcost:vec_build_sum_closed_index:250@2026-10-05T18:42:37,2026-10-05T18:42:58,0,5,2.984579,ok,1.93,2.20,2.58
vec_build_sum_closed_index,250,typed,cli_front_noop_rustc,indexcost:vec_build_sum_closed_index:250@2026-10-05T18:42:37,2026-10-05T18:43:01,0,6,2.949227,ok,1.93,2.20,2.58
vec_build_sum_closed_index,250,typed,cli_front_noop_rustc,indexcost:vec_build_sum_closed_index:250@2026-10-05T18:42:37,2026-10-05T18:43:04,0,7,2.940850,ok,1.86,2.18,2.57
vec_build_sum_closed_index,250,typed,cli_front_noop_rustc,indexcost:vec_build_sum_closed_index:250@2026-10-05T18:42:37,2026-10-05T18:43:07,0,8,2.936201,ok,1.87,2.18,2.57
vec_build_sum_closed_index,250,typed,cli_front_noop_rustc,indexcost:vec_build_sum_closed_index:250@2026-10-05T18:42:37,2026-10-05T18:43:10,0,9,2.959482,ok,1.87,2.18,2.57
vec_build_sum,250,typed,cli_front_noop_rustc,indexcost:vec_build_sum:250@2026-10-05T18:43:10,2026-10-05T18:43:11,1,0,0.553734,ok,1.87,2.18,2.57
vec_build_sum,250,typed,cli_front_noop_rustc,indexcost:vec_build_sum:250@2026-10-05T18:43:10,2026-10-05T18:43:12,1,1,0.569666,ok,1.87,2.18,2.57
vec_build_sum,250,typed,cli_front_noop_rustc,indexcost:vec_build_sum:250@2026-10-05T18:43:10,2026-10-05T18:43:12,0,0,0.565993,ok,1.80,2.16,2.56
vec_build_sum,250,typed,cli_front_noop_rustc,indexcost:vec_build_sum:250@2026-10-05T18:43:10,2026-10-05T18:43:13,0,1,0.567490,ok,1.80,2.16,2.56
vec_build_sum,250,typed,cli_front_noop_rustc,indexcost:vec_build_sum:250@2026-10-05T18:43:10,2026-10-05T18:43:13,0,2,0.571795,ok,1.80,2.16,2.56
vec_build_sum,250,typed,cli_front_noop_rustc,indexcost:vec_build_sum:250@2026-10-05T18:43:10,2026-10-05T18:43:14,0,3,0.562302,ok,1.80,2.16,2.56
vec_build_sum,250,typed,cli_front_noop_rustc,indexcost:vec_build_sum:250@2026-10-05T18:43:10,2026-10-05T18:43:14,0,4,0.553698,ok,1.80,2.16,2.56
vec_build_sum,250,typed,cli_front_noop_rustc,indexcost:vec_build_sum:250@2026-10-05T18:43:10,2026-10-05T18:43:15,0,5,0.541637,ok,1.80,2.16,2.56
vec_build_sum,250,typed,cli_front_noop_rustc,indexcost:vec_build_sum:250@2026-10-05T18:43:10,2026-10-05T18:43:16,0,6,0.559465,ok,1.80,2.16,2.56
vec_build_sum,250,typed,cli_front_noop_rustc,indexcost:vec_build_sum:250@2026-10-05T18:43:10,2026-10-05T18:43:16,0,7,0.553281,ok,1.80,2.16,2.56
vec_build_sum,250,typed,cli_front_noop_rustc,indexcost:vec_build_sum:250@2026-10-05T18:43:10,2026-10-05T18:43:17,0,8,0.571221,ok,1.80,2.16,2.56
vec_build_sum,250,typed,cli_front_noop_rustc,indexcost:vec_build_sum:250@2026-10-05T18:43:10,2026-10-05T18:43:17,0,9,0.565681,ok,1.73,2.14,2.55
vec_build_sum_closed_index,500,typed,cli_front_noop_rustc,indexcost:vec_build_sum_closed_index:500@2026-10-05T18:43:17,2026-10-05T18:43:28,1,0,10.126156,ok,1.77,2.13,2.54
vec_build_sum_closed_index,500,typed,cli_front_noop_rustc,indexcost:vec_build_sum_closed_index:500@2026-10-05T18:43:17,2026-10-05T18:43:38,0,0,10.251822,ok,2.18,2.21,2.57
vec_build_sum_closed_index,500,typed,cli_front_noop_rustc,indexcost:vec_build_sum_closed_index:500@2026-10-05T18:43:17,2026-10-05T18:43:48,0,1,10.330329,ok,2.38,2.25,2.58
vec_build_sum_closed_index,500,typed,cli_front_noop_rustc,indexcost:vec_build_sum_closed_index:500@2026-10-05T18:43:17,2026-10-05T18:43:59,0,2,10.397267,ok,2.70,2.33,2.60
vec_build_sum_closed_index,500,typed,cli_front_noop_rustc,indexcost:vec_build_sum_closed_index:500@2026-10-05T18:43:17,2026-10-05T18:44:09,0,3,10.318107,ok,2.75,2.35,2.60
vec_build_sum_closed_index,500,typed,cli_front_noop_rustc,indexcost:vec_build_sum_closed_index:500@2026-10-05T18:43:17,2026-10-05T18:44:19,0,4,10.369834,ok,2.71,2.35,2.60
vec_build_sum,500,typed,cli_front_noop_rustc,indexcost:vec_build_sum:500@2026-10-05T18:44:19,2026-10-05T18:44:20,1,0,0.602016,ok,2.71,2.35,2.60
vec_build_sum,500,typed,cli_front_noop_rustc,indexcost:vec_build_sum:500@2026-10-05T18:44:19,2026-10-05T18:44:21,1,1,0.603120,ok,2.71,2.35,2.60
vec_build_sum,500,typed,cli_front_noop_rustc,indexcost:vec_build_sum:500@2026-10-05T18:44:19,2026-10-05T18:44:21,0,0,0.584790,ok,2.71,2.35,2.60
vec_build_sum,500,typed,cli_front_noop_rustc,indexcost:vec_build_sum:500@2026-10-05T18:44:19,2026-10-05T18:44:22,0,1,0.566301,ok,2.71,2.35,2.60
vec_build_sum,500,typed,cli_front_noop_rustc,indexcost:vec_build_sum:500@2026-10-05T18:44:19,2026-10-05T18:44:22,0,2,0.583913,ok,2.90,2.40,2.62
vec_build_sum,500,typed,cli_front_noop_rustc,indexcost:vec_build_sum:500@2026-10-05T18:44:19,2026-10-05T18:44:23,0,3,0.604790,ok,2.90,2.40,2.62
vec_build_sum,500,typed,cli_front_noop_rustc,indexcost:vec_build_sum:500@2026-10-05T18:44:19,2026-10-05T18:44:24,0,4,0.608153,ok,2.90,2.40,2.62
vec_build_sum,500,typed,cli_front_noop_rustc,indexcost:vec_build_sum:500@2026-10-05T18:44:19,2026-10-05T18:44:24,0,5,0.605998,ok,2.90,2.40,2.62
vec_build_sum,500,typed,cli_front_noop_rustc,indexcost:vec_build_sum:500@2026-10-05T18:44:19,2026-10-05T18:44:25,0,6,0.599380,ok,2.90,2.40,2.62
vec_build_sum,500,typed,cli_front_noop_rustc,indexcost:vec_build_sum:500@2026-10-05T18:44:19,2026-10-05T18:44:26,0,7,0.604542,ok,2.90,2.40,2.62
vec_build_sum,500,typed,cli_front_noop_rustc,indexcost:vec_build_sum:500@2026-10-05T18:44:19,2026-10-05T18:44:26,0,8,0.609690,ok,2.90,2.40,2.62
vec_build_sum,500,typed,cli_front_noop_rustc,indexcost:vec_build_sum:500@2026-10-05T18:44:19,2026-10-05T18:44:27,0,9,0.579688,ok,2.90,2.40,2.62
vec_build_sum_closed_index,1000,typed,cli_front_noop_rustc,indexcost:vec_build_sum_closed_index:1000@2026-10-05T18:44:27,2026-10-05T18:45:06,1,0,39.104714,ok,2.95,2.47,2.63
vec_build_sum_closed_index,1000,typed,cli_front_noop_rustc,indexcost:vec_build_sum_closed_index:1000@2026-10-05T18:44:27,2026-10-05T18:45:45,0,0,38.941441,ok,2.48,2.41,2.60
vec_build_sum_closed_index,1000,typed,cli_front_noop_rustc,indexcost:vec_build_sum_closed_index:1000@2026-10-05T18:44:27,2026-10-05T18:46:24,0,1,39.128016,ok,2.46,2.40,2.59
vec_build_sum_closed_index,1000,typed,cli_front_noop_rustc,indexcost:vec_build_sum_closed_index:1000@2026-10-05T18:44:27,2026-10-05T18:47:03,0,2,39.256507,ok,2.64,2.46,2.60
vec_build_sum_closed_index,1000,typed,cli_front_noop_rustc,indexcost:vec_build_sum_closed_index:1000@2026-10-05T18:44:27,2026-10-05T18:47:42,0,3,38.894694,ok,3.09,2.58,2.63
vec_build_sum_closed_index,1000,typed,cli_front_noop_rustc,indexcost:vec_build_sum_closed_index:1000@2026-10-05T18:44:27,2026-10-05T18:48:21,0,4,38.878312,ok,3.79,2.82,2.72
vec_build_sum,1000,typed,cli_front_noop_rustc,indexcost:vec_build_sum:1000@2026-10-05T18:48:21,2026-10-05T18:48:22,1,0,0.643222,ok,3.79,2.82,2.72
vec_build_sum,1000,typed,cli_front_noop_rustc,indexcost:vec_build_sum:1000@2026-10-05T18:48:21,2026-10-05T18:48:23,1,1,0.617572,ok,3.79,2.82,2.72
vec_build_sum,1000,typed,cli_front_noop_rustc,indexcost:vec_build_sum:1000@2026-10-05T18:48:21,2026-10-05T18:48:23,0,0,0.602301,ok,3.65,2.81,2.71
vec_build_sum,1000,typed,cli_front_noop_rustc,indexcost:vec_build_sum:1000@2026-10-05T18:48:21,2026-10-05T18:48:24,0,1,0.609784,ok,3.65,2.81,2.71
vec_build_sum,1000,typed,cli_front_noop_rustc,indexcost:vec_build_sum:1000@2026-10-05T18:48:21,2026-10-05T18:48:24,0,2,0.622599,ok,3.65,2.81,2.71
vec_build_sum,1000,typed,cli_front_noop_rustc,indexcost:vec_build_sum:1000@2026-10-05T18:48:21,2026-10-05T18:48:25,0,3,0.633239,ok,3.65,2.81,2.71
vec_build_sum,1000,typed,cli_front_noop_rustc,indexcost:vec_build_sum:1000@2026-10-05T18:48:21,2026-10-05T18:48:26,0,4,0.636241,ok,3.65,2.81,2.71
vec_build_sum,1000,typed,cli_front_noop_rustc,indexcost:vec_build_sum:1000@2026-10-05T18:48:21,2026-10-05T18:48:26,0,5,0.622135,ok,3.65,2.81,2.71
vec_build_sum,1000,typed,cli_front_noop_rustc,indexcost:vec_build_sum:1000@2026-10-05T18:48:21,2026-10-05T18:48:27,0,6,0.626171,ok,3.65,2.81,2.71
vec_build_sum,1000,typed,cli_front_noop_rustc,indexcost:vec_build_sum:1000@2026-10-05T18:48:21,2026-10-05T18:48:28,0,7,0.621027,ok,3.76,2.85,2.73
vec_build_sum,1000,typed,cli_front_noop_rustc,indexcost:vec_build_sum:1000@2026-10-05T18:48:21,2026-10-05T18:48:28,0,8,0.630675,ok,3.76,2.85,2.73
vec_build_sum,1000,typed,cli_front_noop_rustc,indexcost:vec_build_sum:1000@2026-10-05T18:48:21,2026-10-05T18:48:29,0,9,0.613591,ok,3.76,2.85,2.73
vec_build_sum_closed_index,2000,typed,cli_front_noop_rustc,indexcost:vec_build_sum_closed_index:2000@2026-10-05T18:48:29,2026-10-05T18:49:48,1,0,79.064260,ok,3.57,3.04,2.81
vec_build_sum_closed_index,2000,typed,cli_front_noop_rustc,indexcost:vec_build_sum_closed_index:2000@2026-10-05T18:48:29,2026-10-05T18:51:06,0,0,77.601157,ok,5.45,3.50,2.99
vec_build_sum_closed_index,2000,typed,cli_front_noop_rustc,indexcost:vec_build_sum_closed_index:2000@2026-10-05T18:48:29,2026-10-05T18:52:25,0,1,79.306489,ok,7.42,4.14,3.25
vec_build_sum_closed_index,2000,typed,cli_front_noop_rustc,indexcost:vec_build_sum_closed_index:2000@2026-10-05T18:48:29,2026-10-05T19:02:52,0,2,129.695816,ok,3.75,3.91,3.29
vec_build_sum_closed_index,2000,typed,cli_front_noop_rustc,indexcost:vec_build_sum_closed_index:2000@2026-10-05T19:43:26,2026-10-05T19:44:49,1,0,82.489873,ok,4.04,6.66,5.41
vec_build_sum_closed_index,2000,typed,cli_front_noop_rustc,indexcost:vec_build_sum_closed_index:2000@2026-10-05T19:43:26,2026-10-05T19:46:10,0,0,80.847293,ok,4.10,6.08,5.30
vec_build_sum_closed_index,2000,typed,cli_front_noop_rustc,indexcost:vec_build_sum_closed_index:2000@2026-10-05T19:43:26,2026-10-05T19:47:30,0,1,80.648660,ok,7.04,6.21,5.40
vec_build_sum_closed_index,2000,typed,cli_front_noop_rustc,indexcost:vec_build_sum_closed_index:2000@2026-10-05T19:43:26,2026-10-05T19:48:51,0,2,80.788809,ok,6.09,6.11,5.43
vec_build_sum_closed_index,2000,typed,cli_front_noop_rustc,indexcost:vec_build_sum_closed_index:2000@2026-10-05T19:43:26,2026-10-05T19:50:10,0,3,78.304426,ok,4.15,5.47,5.24
vec_build_sum_closed_index,2000,typed,cli_front_noop_rustc,indexcost:vec_build_sum_closed_index:2000@2026-10-05T19:43:26,2026-10-05T19:51:32,0,4,81.985131,ok,4.16,5.18,5.15
vec_build_sum,2000,typed,cli_front_noop_rustc,indexcost:vec_build_sum:2000@2026-10-05T19:51:32,2026-10-05T19:51:33,1,0,0.640007,ok,4.23,5.17,5.15
vec_build_sum,2000,typed,cli_front_noop_rustc,indexcost:vec_build_sum:2000@2026-10-05T19:51:32,2026-10-05T19:51:33,1,1,0.622845,ok,4.23,5.17,5.15
vec_build_sum,2000,typed,cli_front_noop_rustc,indexcost:vec_build_sum:2000@2026-10-05T19:51:32,2026-10-05T19:51:34,0,0,0.634962,ok,4.23,5.17,5.15
vec_build_sum,2000,typed,cli_front_noop_rustc,indexcost:vec_build_sum:2000@2026-10-05T19:51:32,2026-10-05T19:51:35,0,1,0.638236,ok,4.23,5.17,5.15
vec_build_sum,2000,typed,cli_front_noop_rustc,indexcost:vec_build_sum:2000@2026-10-05T19:51:32,2026-10-05T19:51:35,0,2,0.632804,ok,4.23,5.17,5.15
vec_build_sum,2000,typed,cli_front_noop_rustc,indexcost:vec_build_sum:2000@2026-10-05T19:51:32,2026-10-05T19:51:36,0,3,0.652238,ok,4.23,5.17,5.15
vec_build_sum,2000,typed,cli_front_noop_rustc,indexcost:vec_build_sum:2000@2026-10-05T19:51:32,2026-10-05T19:51:36,0,4,0.636361,ok,4.23,5.17,5.15
vec_build_sum,2000,typed,cli_front_noop_rustc,indexcost:vec_build_sum:2000@2026-10-05T19:51:32,2026-10-05T19:51:37,0,5,0.641286,ok,4.21,5.15,5.14
vec_build_sum,2000,typed,cli_front_noop_rustc,indexcost:vec_build_sum:2000@2026-10-05T19:51:32,2026-10-05T19:51:38,0,6,0.644340,ok,4.21,5.15,5.14
vec_build_sum,2000,typed,cli_front_noop_rustc,indexcost:vec_build_sum:2000@2026-10-05T19:51:32,2026-10-05T19:51:39,0,7,0.669484,ok,4.21,5.15,5.14
vec_build_sum,2000,typed,cli_front_noop_rustc,indexcost:vec_build_sum:2000@2026-10-05T19:51:32,2026-10-05T19:51:39,0,8,0.624694,ok,4.21,5.15,5.14
vec_build_sum,2000,typed,cli_front_noop_rustc,indexcost:vec_build_sum:2000@2026-10-05T19:51:32,2026-10-05T19:51:40,0,9,0.667780,ok,4.21,5.15,5.14
