variant,calls,backend,flags,batch,time,warmup,rep,seconds,status,load1,load5,load15
without,1000000,typed,cli,proof:typed:cli@2026-10-08T01:26:52,2026-10-08T01:26:53,1,0,0.582509,ok,6.12,5.36,6.84
without,1000000,typed,cli,proof:typed:cli@2026-10-08T01:26:52,2026-10-08T01:26:53,1,1,0.274252,ok,5.87,5.32,6.82
with,1000000,typed,cli,proof:typed:cli@2026-10-08T01:26:52,2026-10-08T01:26:54,1,0,0.626303,ok,5.87,5.32,6.82
with,1000000,typed,cli,proof:typed:cli@2026-10-08T01:26:52,2026-10-08T01:26:54,1,1,0.359349,ok,5.87,5.32,6.82
without,1000000,typed,cli,proof:typed:cli@2026-10-08T01:26:52,2026-10-08T01:26:54,0,0,0.273915,ok,5.87,5.32,6.82
with,1000000,typed,cli,proof:typed:cli@2026-10-08T01:26:52,2026-10-08T01:26:55,0,0,0.361501,ok,5.87,5.32,6.82
with,1000000,typed,cli,proof:typed:cli@2026-10-08T01:26:52,2026-10-08T01:26:55,0,1,0.357466,ok,5.87,5.32,6.82
without,1000000,typed,cli,proof:typed:cli@2026-10-08T01:26:52,2026-10-08T01:26:55,0,1,0.275141,ok,5.87,5.32,6.82
without,1000000,typed,cli,proof:typed:cli@2026-10-08T01:26:52,2026-10-08T01:26:56,0,2,0.275354,ok,5.87,5.32,6.82
with,1000000,typed,cli,proof:typed:cli@2026-10-08T01:26:52,2026-10-08T01:26:56,0,2,0.358258,ok,5.87,5.32,6.82
with,1000000,typed,cli,proof:typed:cli@2026-10-08T01:26:52,2026-10-08T01:26:56,0,3,0.361677,ok,5.87,5.32,6.82
without,1000000,typed,cli,proof:typed:cli@2026-10-08T01:26:52,2026-10-08T01:26:57,0,3,0.275251,ok,5.87,5.32,6.82
without,1000000,typed,cli,proof:typed:cli@2026-10-08T01:26:52,2026-10-08T01:26:57,0,4,0.274398,ok,5.87,5.32,6.82
with,1000000,typed,cli,proof:typed:cli@2026-10-08T01:26:52,2026-10-08T01:26:57,0,4,0.356805,ok,5.87,5.32,6.82
with,1000000,typed,cli,proof:typed:cli@2026-10-08T01:26:52,2026-10-08T01:26:58,0,5,0.359639,ok,5.87,5.32,6.82
without,1000000,typed,cli,proof:typed:cli@2026-10-08T01:26:52,2026-10-08T01:26:58,0,5,0.273450,ok,5.87,5.32,6.82
without,1000000,typed,cli,proof:typed:cli@2026-10-08T01:26:52,2026-10-08T01:26:58,0,6,0.275592,ok,5.64,5.28,6.80
with,1000000,typed,cli,proof:typed:cli@2026-10-08T01:26:52,2026-10-08T01:26:59,0,6,0.360329,ok,5.64,5.28,6.80
with,1000000,typed,cli,proof:typed:cli@2026-10-08T01:26:52,2026-10-08T01:26:59,0,7,0.361147,ok,5.64,5.28,6.80
without,1000000,typed,cli,proof:typed:cli@2026-10-08T01:26:52,2026-10-08T01:26:59,0,7,0.273734,ok,5.64,5.28,6.80
without,1000000,typed,cli,proof:typed:cli@2026-10-08T01:26:52,2026-10-08T01:26:59,0,8,0.275339,ok,5.64,5.28,6.80
with,1000000,typed,cli,proof:typed:cli@2026-10-08T01:26:52,2026-10-08T01:27:00,0,8,0.360876,ok,5.64,5.28,6.80
with,1000000,typed,cli,proof:typed:cli@2026-10-08T01:26:52,2026-10-08T01:27:00,0,9,0.358448,ok,5.64,5.28,6.80
without,1000000,typed,cli,proof:typed:cli@2026-10-08T01:26:52,2026-10-08T01:27:00,0,9,0.274424,ok,5.64,5.28,6.80
without,1000000,typed,cli,proof:typed:cli@2026-10-08T01:26:52,2026-10-08T01:27:01,0,10,0.277214,ok,5.64,5.28,6.80
with,1000000,typed,cli,proof:typed:cli@2026-10-08T01:26:52,2026-10-08T01:27:01,0,10,0.364019,ok,5.64,5.28,6.80
with,1000000,typed,cli,proof:typed:cli@2026-10-08T01:26:52,2026-10-08T01:27:01,0,11,0.358329,ok,5.64,5.28,6.80
without,1000000,typed,cli,proof:typed:cli@2026-10-08T01:26:52,2026-10-08T01:27:02,0,11,0.278601,ok,5.64,5.28,6.80
without,1000000,typed,cli,proof:typed:cli@2026-10-08T01:26:52,2026-10-08T01:27:02,0,12,0.281213,ok,5.64,5.28,6.80
with,1000000,typed,cli,proof:typed:cli@2026-10-08T01:26:52,2026-10-08T01:27:02,0,12,0.358106,ok,5.64,5.28,6.80
with,1000000,typed,cli,proof:typed:cli@2026-10-08T01:26:52,2026-10-08T01:27:03,0,13,0.365052,ok,5.64,5.28,6.80
without,1000000,typed,cli,proof:typed:cli@2026-10-08T01:26:52,2026-10-08T01:27:03,0,13,0.277031,ok,5.43,5.24,6.77
without,1000000,typed,cli,proof:typed:cli@2026-10-08T01:26:52,2026-10-08T01:27:03,0,14,0.274782,ok,5.43,5.24,6.77
with,1000000,typed,cli,proof:typed:cli@2026-10-08T01:26:52,2026-10-08T01:27:04,0,14,0.358125,ok,5.43,5.24,6.77
without,1000000,typed,O,proof:typed:O@2026-10-08T01:27:04,2026-10-08T01:27:04,1,0,0.297081,ok,5.43,5.24,6.77
without,1000000,typed,O,proof:typed:O@2026-10-08T01:27:04,2026-10-08T01:27:04,1,1,0.043028,ok,5.43,5.24,6.77
with,1000000,typed,O,proof:typed:O@2026-10-08T01:27:04,2026-10-08T01:27:04,1,0,0.386064,ok,5.43,5.24,6.77
with,1000000,typed,O,proof:typed:O@2026-10-08T01:27:04,2026-10-08T01:27:05,1,1,0.110869,ok,5.43,5.24,6.77
without,1000000,typed,O,proof:typed:O@2026-10-08T01:27:04,2026-10-08T01:27:05,0,0,0.035019,ok,5.43,5.24,6.77
with,1000000,typed,O,proof:typed:O@2026-10-08T01:27:04,2026-10-08T01:27:05,0,0,0.105712,ok,5.43,5.24,6.77
with,1000000,typed,O,proof:typed:O@2026-10-08T01:27:04,2026-10-08T01:27:05,0,1,0.106703,ok,5.43,5.24,6.77
without,1000000,typed,O,proof:typed:O@2026-10-08T01:27:04,2026-10-08T01:27:05,0,1,0.035848,ok,5.43,5.24,6.77
without,1000000,typed,O,proof:typed:O@2026-10-08T01:27:04,2026-10-08T01:27:05,0,2,0.035122,ok,5.43,5.24,6.77
with,1000000,typed,O,proof:typed:O@2026-10-08T01:27:04,2026-10-08T01:27:05,0,2,0.109099,ok,5.43,5.24,6.77
with,1000000,typed,O,proof:typed:O@2026-10-08T01:27:04,2026-10-08T01:27:05,0,3,0.105513,ok,5.43,5.24,6.77
without,1000000,typed,O,proof:typed:O@2026-10-08T01:27:04,2026-10-08T01:27:05,0,3,0.035190,ok,5.43,5.24,6.77
without,1000000,typed,O,proof:typed:O@2026-10-08T01:27:04,2026-10-08T01:27:05,0,4,0.035422,ok,5.43,5.24,6.77
with,1000000,typed,O,proof:typed:O@2026-10-08T01:27:04,2026-10-08T01:27:05,0,4,0.107462,ok,5.43,5.24,6.77
with,1000000,typed,O,proof:typed:O@2026-10-08T01:27:04,2026-10-08T01:27:05,0,5,0.107694,ok,5.43,5.24,6.77
without,1000000,typed,O,proof:typed:O@2026-10-08T01:27:04,2026-10-08T01:27:05,0,5,0.035536,ok,5.43,5.24,6.77
without,1000000,typed,O,proof:typed:O@2026-10-08T01:27:04,2026-10-08T01:27:05,0,6,0.035277,ok,5.43,5.24,6.77
with,1000000,typed,O,proof:typed:O@2026-10-08T01:27:04,2026-10-08T01:27:06,0,6,0.107579,ok,5.43,5.24,6.77
with,1000000,typed,O,proof:typed:O@2026-10-08T01:27:04,2026-10-08T01:27:06,0,7,0.107697,ok,5.43,5.24,6.77
without,1000000,typed,O,proof:typed:O@2026-10-08T01:27:04,2026-10-08T01:27:06,0,7,0.035857,ok,5.43,5.24,6.77
without,1000000,typed,O,proof:typed:O@2026-10-08T01:27:04,2026-10-08T01:27:06,0,8,0.035078,ok,5.43,5.24,6.77
with,1000000,typed,O,proof:typed:O@2026-10-08T01:27:04,2026-10-08T01:27:06,0,8,0.110812,ok,5.43,5.24,6.77
with,1000000,typed,O,proof:typed:O@2026-10-08T01:27:04,2026-10-08T01:27:06,0,9,0.110713,ok,5.43,5.24,6.77
without,1000000,typed,O,proof:typed:O@2026-10-08T01:27:04,2026-10-08T01:27:06,0,9,0.036534,ok,5.43,5.24,6.77
without,1000000,typed,O,proof:typed:O@2026-10-08T01:27:04,2026-10-08T01:27:06,0,10,0.035254,ok,5.43,5.24,6.77
with,1000000,typed,O,proof:typed:O@2026-10-08T01:27:04,2026-10-08T01:27:06,0,10,0.107317,ok,5.43,5.24,6.77
with,1000000,typed,O,proof:typed:O@2026-10-08T01:27:04,2026-10-08T01:27:06,0,11,0.107753,ok,5.43,5.24,6.77
without,1000000,typed,O,proof:typed:O@2026-10-08T01:27:04,2026-10-08T01:27:06,0,11,0.035079,ok,5.43,5.24,6.77
without,1000000,typed,O,proof:typed:O@2026-10-08T01:27:04,2026-10-08T01:27:06,0,12,0.035624,ok,5.43,5.24,6.77
with,1000000,typed,O,proof:typed:O@2026-10-08T01:27:04,2026-10-08T01:27:06,0,12,0.106089,ok,5.43,5.24,6.77
with,1000000,typed,O,proof:typed:O@2026-10-08T01:27:04,2026-10-08T01:27:07,0,13,0.111601,ok,5.43,5.24,6.77
without,1000000,typed,O,proof:typed:O@2026-10-08T01:27:04,2026-10-08T01:27:07,0,13,0.035937,ok,5.43,5.24,6.77
without,1000000,typed,O,proof:typed:O@2026-10-08T01:27:04,2026-10-08T01:27:07,0,14,0.035447,ok,5.43,5.24,6.77
with,1000000,typed,O,proof:typed:O@2026-10-08T01:27:04,2026-10-08T01:27:07,0,14,0.109612,ok,5.43,5.24,6.77
without,1000000,dynamic,cli,proof:dynamic:cli@2026-10-08T01:27:07,2026-10-08T01:27:07,1,0,0.617113,ok,5.43,5.24,6.77
without,1000000,dynamic,cli,proof:dynamic:cli@2026-10-08T01:27:07,2026-10-08T01:27:08,1,1,0.362239,ok,5.43,5.24,6.77
with,1000000,dynamic,cli,proof:dynamic:cli@2026-10-08T01:27:07,2026-10-08T01:27:09,1,0,0.824400,ok,5.31,5.22,6.76
with,1000000,dynamic,cli,proof:dynamic:cli@2026-10-08T01:27:07,2026-10-08T01:27:09,1,1,0.555218,ok,5.31,5.22,6.76
without,1000000,dynamic,cli,proof:dynamic:cli@2026-10-08T01:27:07,2026-10-08T01:27:10,0,0,0.360021,ok,5.31,5.22,6.76
with,1000000,dynamic,cli,proof:dynamic:cli@2026-10-08T01:27:07,2026-10-08T01:27:10,0,0,0.558341,ok,5.31,5.22,6.76
with,1000000,dynamic,cli,proof:dynamic:cli@2026-10-08T01:27:07,2026-10-08T01:27:11,0,1,0.554184,ok,5.31,5.22,6.76
without,1000000,dynamic,cli,proof:dynamic:cli@2026-10-08T01:27:07,2026-10-08T01:27:11,0,1,0.360544,ok,5.31,5.22,6.76
without,1000000,dynamic,cli,proof:dynamic:cli@2026-10-08T01:27:07,2026-10-08T01:27:11,0,2,0.361597,ok,5.31,5.22,6.76
with,1000000,dynamic,cli,proof:dynamic:cli@2026-10-08T01:27:07,2026-10-08T01:27:12,0,2,0.562986,ok,5.31,5.22,6.76
with,1000000,dynamic,cli,proof:dynamic:cli@2026-10-08T01:27:07,2026-10-08T01:27:13,0,3,0.555202,ok,5.31,5.22,6.76
without,1000000,dynamic,cli,proof:dynamic:cli@2026-10-08T01:27:07,2026-10-08T01:27:13,0,3,0.365023,ok,5.31,5.22,6.76
without,1000000,dynamic,cli,proof:dynamic:cli@2026-10-08T01:27:07,2026-10-08T01:27:13,0,4,0.361222,ok,5.13,5.18,6.74
with,1000000,dynamic,cli,proof:dynamic:cli@2026-10-08T01:27:07,2026-10-08T01:27:14,0,4,0.559848,ok,5.13,5.18,6.74
with,1000000,dynamic,cli,proof:dynamic:cli@2026-10-08T01:27:07,2026-10-08T01:27:14,0,5,0.557264,ok,5.13,5.18,6.74
without,1000000,dynamic,cli,proof:dynamic:cli@2026-10-08T01:27:07,2026-10-08T01:27:15,0,5,0.361512,ok,5.13,5.18,6.74
without,1000000,dynamic,cli,proof:dynamic:cli@2026-10-08T01:27:07,2026-10-08T01:27:15,0,6,0.360710,ok,5.13,5.18,6.74
with,1000000,dynamic,cli,proof:dynamic:cli@2026-10-08T01:27:07,2026-10-08T01:27:16,0,6,0.557147,ok,5.13,5.18,6.74
with,1000000,dynamic,cli,proof:dynamic:cli@2026-10-08T01:27:07,2026-10-08T01:27:16,0,7,0.555982,ok,5.13,5.18,6.74
without,1000000,dynamic,cli,proof:dynamic:cli@2026-10-08T01:27:07,2026-10-08T01:27:17,0,7,0.364453,ok,5.13,5.18,6.74
without,1000000,dynamic,cli,proof:dynamic:cli@2026-10-08T01:27:07,2026-10-08T01:27:17,0,8,0.365680,ok,5.13,5.18,6.74
with,1000000,dynamic,cli,proof:dynamic:cli@2026-10-08T01:27:07,2026-10-08T01:27:18,0,8,0.561369,ok,5.13,5.18,6.74
with,1000000,dynamic,cli,proof:dynamic:cli@2026-10-08T01:27:07,2026-10-08T01:27:18,0,9,0.559894,ok,4.96,5.15,6.71
without,1000000,dynamic,cli,proof:dynamic:cli@2026-10-08T01:27:07,2026-10-08T01:27:18,0,9,0.363802,ok,4.96,5.15,6.71
without,1000000,dynamic,cli,proof:dynamic:cli@2026-10-08T01:27:07,2026-10-08T01:27:19,0,10,0.360027,ok,4.96,5.15,6.71
with,1000000,dynamic,cli,proof:dynamic:cli@2026-10-08T01:27:07,2026-10-08T01:27:19,0,10,0.560367,ok,4.96,5.15,6.71
with,1000000,dynamic,cli,proof:dynamic:cli@2026-10-08T01:27:07,2026-10-08T01:27:20,0,11,0.553923,ok,4.96,5.15,6.71
without,1000000,dynamic,cli,proof:dynamic:cli@2026-10-08T01:27:07,2026-10-08T01:27:20,0,11,0.359343,ok,4.96,5.15,6.71
without,1000000,dynamic,cli,proof:dynamic:cli@2026-10-08T01:27:07,2026-10-08T01:27:21,0,12,0.373250,ok,4.96,5.15,6.71
with,1000000,dynamic,cli,proof:dynamic:cli@2026-10-08T01:27:07,2026-10-08T01:27:21,0,12,0.674615,ok,4.96,5.15,6.71
with,1000000,dynamic,cli,proof:dynamic:cli@2026-10-08T01:27:07,2026-10-08T01:27:22,0,13,0.613929,ok,4.96,5.15,6.71
without,1000000,dynamic,cli,proof:dynamic:cli@2026-10-08T01:27:07,2026-10-08T01:27:22,0,13,0.365052,ok,4.96,5.15,6.71
without,1000000,dynamic,cli,proof:dynamic:cli@2026-10-08T01:27:07,2026-10-08T01:27:23,0,14,0.393031,ok,4.96,5.15,6.71
with,1000000,dynamic,cli,proof:dynamic:cli@2026-10-08T01:27:07,2026-10-08T01:27:23,0,14,0.562968,ok,5.12,5.18,6.71
without,1000000,dynamic,O,proof:dynamic:O@2026-10-08T01:27:23,2026-10-08T01:27:24,1,0,0.394389,ok,5.12,5.18,6.71
without,1000000,dynamic,O,proof:dynamic:O@2026-10-08T01:27:23,2026-10-08T01:27:24,1,1,0.127783,ok,5.12,5.18,6.71
with,1000000,dynamic,O,proof:dynamic:O@2026-10-08T01:27:23,2026-10-08T01:27:24,1,0,0.547662,ok,5.12,5.18,6.71
with,1000000,dynamic,O,proof:dynamic:O@2026-10-08T01:27:23,2026-10-08T01:27:25,1,1,0.199822,ok,5.12,5.18,6.71
without,1000000,dynamic,O,proof:dynamic:O@2026-10-08T01:27:23,2026-10-08T01:27:25,0,0,0.127383,ok,5.12,5.18,6.71
with,1000000,dynamic,O,proof:dynamic:O@2026-10-08T01:27:23,2026-10-08T01:27:25,0,0,0.199092,ok,5.12,5.18,6.71
with,1000000,dynamic,O,proof:dynamic:O@2026-10-08T01:27:23,2026-10-08T01:27:25,0,1,0.201739,ok,5.12,5.18,6.71
without,1000000,dynamic,O,proof:dynamic:O@2026-10-08T01:27:23,2026-10-08T01:27:25,0,1,0.129949,ok,5.12,5.18,6.71
without,1000000,dynamic,O,proof:dynamic:O@2026-10-08T01:27:23,2026-10-08T01:27:25,0,2,0.130884,ok,5.12,5.18,6.71
with,1000000,dynamic,O,proof:dynamic:O@2026-10-08T01:27:23,2026-10-08T01:27:26,0,2,0.201423,ok,5.12,5.18,6.71
with,1000000,dynamic,O,proof:dynamic:O@2026-10-08T01:27:23,2026-10-08T01:27:26,0,3,0.202145,ok,5.12,5.18,6.71
without,1000000,dynamic,O,proof:dynamic:O@2026-10-08T01:27:23,2026-10-08T01:27:26,0,3,0.129250,ok,5.12,5.18,6.71
without,1000000,dynamic,O,proof:dynamic:O@2026-10-08T01:27:23,2026-10-08T01:27:26,0,4,0.128572,ok,5.12,5.18,6.71
with,1000000,dynamic,O,proof:dynamic:O@2026-10-08T01:27:23,2026-10-08T01:27:26,0,4,0.202172,ok,5.12,5.18,6.71
with,1000000,dynamic,O,proof:dynamic:O@2026-10-08T01:27:23,2026-10-08T01:27:27,0,5,0.207119,ok,5.12,5.18,6.71
without,1000000,dynamic,O,proof:dynamic:O@2026-10-08T01:27:23,2026-10-08T01:27:27,0,5,0.127892,ok,5.12,5.18,6.71
without,1000000,dynamic,O,proof:dynamic:O@2026-10-08T01:27:23,2026-10-08T01:27:27,0,6,0.126665,ok,5.12,5.18,6.71
with,1000000,dynamic,O,proof:dynamic:O@2026-10-08T01:27:23,2026-10-08T01:27:27,0,6,0.198091,ok,5.12,5.18,6.71
with,1000000,dynamic,O,proof:dynamic:O@2026-10-08T01:27:23,2026-10-08T01:27:27,0,7,0.200239,ok,5.12,5.18,6.71
without,1000000,dynamic,O,proof:dynamic:O@2026-10-08T01:27:23,2026-10-08T01:27:27,0,7,0.130381,ok,5.12,5.18,6.71
without,1000000,dynamic,O,proof:dynamic:O@2026-10-08T01:27:23,2026-10-08T01:27:27,0,8,0.131732,ok,5.12,5.18,6.71
with,1000000,dynamic,O,proof:dynamic:O@2026-10-08T01:27:23,2026-10-08T01:27:28,0,8,0.205366,ok,5.12,5.18,6.71
with,1000000,dynamic,O,proof:dynamic:O@2026-10-08T01:27:23,2026-10-08T01:27:28,0,9,0.205388,ok,5.12,5.18,6.71
without,1000000,dynamic,O,proof:dynamic:O@2026-10-08T01:27:23,2026-10-08T01:27:28,0,9,0.128760,ok,5.12,5.18,6.71
without,1000000,dynamic,O,proof:dynamic:O@2026-10-08T01:27:23,2026-10-08T01:27:28,0,10,0.128035,ok,4.95,5.14,6.69
with,1000000,dynamic,O,proof:dynamic:O@2026-10-08T01:27:23,2026-10-08T01:27:28,0,10,0.200100,ok,4.95,5.14,6.69
with,1000000,dynamic,O,proof:dynamic:O@2026-10-08T01:27:23,2026-10-08T01:27:29,0,11,0.202635,ok,4.95,5.14,6.69
without,1000000,dynamic,O,proof:dynamic:O@2026-10-08T01:27:23,2026-10-08T01:27:29,0,11,0.127540,ok,4.95,5.14,6.69
without,1000000,dynamic,O,proof:dynamic:O@2026-10-08T01:27:23,2026-10-08T01:27:29,0,12,0.134207,ok,4.95,5.14,6.69
with,1000000,dynamic,O,proof:dynamic:O@2026-10-08T01:27:23,2026-10-08T01:27:29,0,12,0.203806,ok,4.95,5.14,6.69
with,1000000,dynamic,O,proof:dynamic:O@2026-10-08T01:27:23,2026-10-08T01:27:29,0,13,0.199286,ok,4.95,5.14,6.69
without,1000000,dynamic,O,proof:dynamic:O@2026-10-08T01:27:23,2026-10-08T01:27:29,0,13,0.129703,ok,4.95,5.14,6.69
without,1000000,dynamic,O,proof:dynamic:O@2026-10-08T01:27:23,2026-10-08T01:27:29,0,14,0.135642,ok,4.95,5.14,6.69
with,1000000,dynamic,O,proof:dynamic:O@2026-10-08T01:27:23,2026-10-08T01:27:30,0,14,0.202242,ok,4.95,5.14,6.69
without,4000000,typed,cli,proof:typed:cli@2026-10-08T01:27:47,2026-10-08T01:27:48,1,0,1.373662,ok,4.92,5.12,6.65
without,4000000,typed,cli,proof:typed:cli@2026-10-08T01:27:47,2026-10-08T01:27:49,1,1,1.086947,ok,4.92,5.12,6.65
with,4000000,typed,cli,proof:typed:cli@2026-10-08T01:27:47,2026-10-08T01:27:51,1,0,1.700115,ok,4.92,5.12,6.65
with,4000000,typed,cli,proof:typed:cli@2026-10-08T01:27:47,2026-10-08T01:27:52,1,1,1.445327,ok,4.92,5.12,6.65
without,4000000,typed,cli,proof:typed:cli@2026-10-08T01:27:47,2026-10-08T01:27:54,0,0,1.075343,ok,7.08,5.56,6.80
with,4000000,typed,cli,proof:typed:cli@2026-10-08T01:27:47,2026-10-08T01:27:55,0,0,1.434668,ok,7.08,5.56,6.80
with,4000000,typed,cli,proof:typed:cli@2026-10-08T01:27:47,2026-10-08T01:27:56,0,1,1.432002,ok,7.08,5.56,6.80
without,4000000,typed,cli,proof:typed:cli@2026-10-08T01:27:47,2026-10-08T01:27:58,0,1,1.080129,ok,7.08,5.56,6.80
without,4000000,typed,cli,proof:typed:cli@2026-10-08T01:27:47,2026-10-08T01:27:59,0,2,1.089449,ok,6.68,5.50,6.77
with,4000000,typed,cli,proof:typed:cli@2026-10-08T01:27:47,2026-10-08T01:28:00,0,2,1.430440,ok,6.68,5.50,6.77
with,4000000,typed,cli,proof:typed:cli@2026-10-08T01:27:47,2026-10-08T01:28:01,0,3,1.431803,ok,6.68,5.50,6.77
without,4000000,typed,cli,proof:typed:cli@2026-10-08T01:27:47,2026-10-08T01:28:03,0,3,1.076080,ok,6.68,5.50,6.77
without,4000000,typed,cli,proof:typed:cli@2026-10-08T01:27:47,2026-10-08T01:28:04,0,4,1.094048,ok,6.30,5.44,6.74
with,4000000,typed,cli,proof:typed:cli@2026-10-08T01:27:47,2026-10-08T01:28:05,0,4,1.435930,ok,6.30,5.44,6.74
with,4000000,typed,cli,proof:typed:cli@2026-10-08T01:27:47,2026-10-08T01:28:07,0,5,1.446992,ok,6.30,5.44,6.74
without,4000000,typed,cli,proof:typed:cli@2026-10-08T01:27:47,2026-10-08T01:28:08,0,5,1.089135,ok,6.30,5.44,6.74
without,4000000,typed,cli,proof:typed:cli@2026-10-08T01:27:47,2026-10-08T01:28:09,0,6,1.086215,ok,5.96,5.39,6.71
with,4000000,typed,cli,proof:typed:cli@2026-10-08T01:27:47,2026-10-08T01:28:10,0,6,1.434926,ok,5.96,5.39,6.71
with,4000000,typed,cli,proof:typed:cli@2026-10-08T01:27:47,2026-10-08T01:28:12,0,7,1.466349,ok,5.96,5.39,6.71
without,4000000,typed,cli,proof:typed:cli@2026-10-08T01:27:47,2026-10-08T01:28:13,0,7,1.092510,ok,5.96,5.39,6.71
without,4000000,typed,cli,proof:typed:cli@2026-10-08T01:27:47,2026-10-08T01:28:14,0,8,1.091453,ok,5.80,5.36,6.69
with,4000000,typed,cli,proof:typed:cli@2026-10-08T01:27:47,2026-10-08T01:28:15,0,8,1.433980,ok,5.80,5.36,6.69
with,4000000,typed,cli,proof:typed:cli@2026-10-08T01:27:47,2026-10-08T01:28:17,0,9,1.457891,ok,5.80,5.36,6.69
without,4000000,typed,cli,proof:typed:cli@2026-10-08T01:27:47,2026-10-08T01:28:18,0,9,1.085921,ok,5.80,5.36,6.69
without,4000000,typed,cli,proof:typed:cli@2026-10-08T01:27:47,2026-10-08T01:28:19,0,10,1.088416,ok,6.62,5.54,6.75
with,4000000,typed,cli,proof:typed:cli@2026-10-08T01:27:47,2026-10-08T01:28:20,0,10,1.429856,ok,6.62,5.54,6.75
with,4000000,typed,cli,proof:typed:cli@2026-10-08T01:27:47,2026-10-08T01:28:22,0,11,1.431396,ok,6.62,5.54,6.75
without,4000000,typed,cli,proof:typed:cli@2026-10-08T01:27:47,2026-10-08T01:28:23,0,11,1.076016,ok,6.62,5.54,6.75
without,4000000,typed,cli,proof:typed:cli@2026-10-08T01:27:47,2026-10-08T01:28:24,0,12,1.074280,ok,6.57,5.55,6.74
with,4000000,typed,cli,proof:typed:cli@2026-10-08T01:27:47,2026-10-08T01:28:25,0,12,1.443841,ok,6.57,5.55,6.74
with,4000000,typed,cli,proof:typed:cli@2026-10-08T01:27:47,2026-10-08T01:28:27,0,13,1.432050,ok,6.57,5.55,6.74
without,4000000,typed,cli,proof:typed:cli@2026-10-08T01:27:47,2026-10-08T01:28:28,0,13,1.080916,ok,6.57,5.55,6.74
without,4000000,typed,cli,proof:typed:cli@2026-10-08T01:27:47,2026-10-08T01:28:29,0,14,1.083870,ok,6.76,5.60,6.76
with,4000000,typed,cli,proof:typed:cli@2026-10-08T01:27:47,2026-10-08T01:28:30,0,14,1.430978,ok,6.76,5.60,6.76
without,4000000,typed,O,proof:typed:O@2026-10-08T01:28:30,2026-10-08T01:28:31,1,0,0.466295,ok,6.76,5.60,6.76
without,4000000,typed,O,proof:typed:O@2026-10-08T01:28:30,2026-10-08T01:28:31,1,1,0.135269,ok,6.76,5.60,6.76
with,4000000,typed,O,proof:typed:O@2026-10-08T01:28:30,2026-10-08T01:28:32,1,0,0.689033,ok,6.76,5.60,6.76
with,4000000,typed,O,proof:typed:O@2026-10-08T01:28:30,2026-10-08T01:28:32,1,1,0.419601,ok,6.76,5.60,6.76
without,4000000,typed,O,proof:typed:O@2026-10-08T01:28:30,2026-10-08T01:28:32,0,0,0.132929,ok,6.76,5.60,6.76
with,4000000,typed,O,proof:typed:O@2026-10-08T01:28:30,2026-10-08T01:28:33,0,0,0.416049,ok,6.76,5.60,6.76
with,4000000,typed,O,proof:typed:O@2026-10-08T01:28:30,2026-10-08T01:28:33,0,1,0.420777,ok,6.54,5.58,6.74
without,4000000,typed,O,proof:typed:O@2026-10-08T01:28:30,2026-10-08T01:28:33,0,1,0.134010,ok,6.54,5.58,6.74
without,4000000,typed,O,proof:typed:O@2026-10-08T01:28:30,2026-10-08T01:28:33,0,2,0.133555,ok,6.54,5.58,6.74
with,4000000,typed,O,proof:typed:O@2026-10-08T01:28:30,2026-10-08T01:28:34,0,2,0.418147,ok,6.54,5.58,6.74
with,4000000,typed,O,proof:typed:O@2026-10-08T01:28:30,2026-10-08T01:28:34,0,3,0.420801,ok,6.54,5.58,6.74
without,4000000,typed,O,proof:typed:O@2026-10-08T01:28:30,2026-10-08T01:28:34,0,3,0.133794,ok,6.54,5.58,6.74
without,4000000,typed,O,proof:typed:O@2026-10-08T01:28:30,2026-10-08T01:28:35,0,4,0.132913,ok,6.54,5.58,6.74
with,4000000,typed,O,proof:typed:O@2026-10-08T01:28:30,2026-10-08T01:28:35,0,4,0.418935,ok,6.54,5.58,6.74
with,4000000,typed,O,proof:typed:O@2026-10-08T01:28:30,2026-10-08T01:28:35,0,5,0.421366,ok,6.54,5.58,6.74
without,4000000,typed,O,proof:typed:O@2026-10-08T01:28:30,2026-10-08T01:28:36,0,5,0.134482,ok,6.54,5.58,6.74
without,4000000,typed,O,proof:typed:O@2026-10-08T01:28:30,2026-10-08T01:28:36,0,6,0.134024,ok,6.54,5.58,6.74
with,4000000,typed,O,proof:typed:O@2026-10-08T01:28:30,2026-10-08T01:28:36,0,6,0.420375,ok,6.54,5.58,6.74
with,4000000,typed,O,proof:typed:O@2026-10-08T01:28:30,2026-10-08T01:28:36,0,7,0.418854,ok,6.54,5.58,6.74
without,4000000,typed,O,proof:typed:O@2026-10-08T01:28:30,2026-10-08T01:28:37,0,7,0.132534,ok,6.54,5.58,6.74
without,4000000,typed,O,proof:typed:O@2026-10-08T01:28:30,2026-10-08T01:28:37,0,8,0.134720,ok,6.54,5.58,6.74
with,4000000,typed,O,proof:typed:O@2026-10-08T01:28:30,2026-10-08T01:28:37,0,8,0.421989,ok,6.54,5.58,6.74
with,4000000,typed,O,proof:typed:O@2026-10-08T01:28:30,2026-10-08T01:28:38,0,9,0.418268,ok,6.54,5.58,6.74
without,4000000,typed,O,proof:typed:O@2026-10-08T01:28:30,2026-10-08T01:28:38,0,9,0.131883,ok,6.54,5.58,6.74
without,4000000,typed,O,proof:typed:O@2026-10-08T01:28:30,2026-10-08T01:28:38,0,10,0.133055,ok,6.54,5.58,6.74
with,4000000,typed,O,proof:typed:O@2026-10-08T01:28:30,2026-10-08T01:28:38,0,10,0.415839,ok,6.66,5.62,6.75
with,4000000,typed,O,proof:typed:O@2026-10-08T01:28:30,2026-10-08T01:28:39,0,11,0.420135,ok,6.66,5.62,6.75
without,4000000,typed,O,proof:typed:O@2026-10-08T01:28:30,2026-10-08T01:28:39,0,11,0.137271,ok,6.66,5.62,6.75
without,4000000,typed,O,proof:typed:O@2026-10-08T01:28:30,2026-10-08T01:28:39,0,12,0.133497,ok,6.66,5.62,6.75
with,4000000,typed,O,proof:typed:O@2026-10-08T01:28:30,2026-10-08T01:28:39,0,12,0.420949,ok,6.66,5.62,6.75
with,4000000,typed,O,proof:typed:O@2026-10-08T01:28:30,2026-10-08T01:28:40,0,13,0.420131,ok,6.66,5.62,6.75
without,4000000,typed,O,proof:typed:O@2026-10-08T01:28:30,2026-10-08T01:28:40,0,13,0.133717,ok,6.66,5.62,6.75
without,4000000,typed,O,proof:typed:O@2026-10-08T01:28:30,2026-10-08T01:28:40,0,14,0.132338,ok,6.66,5.62,6.75
with,4000000,typed,O,proof:typed:O@2026-10-08T01:28:30,2026-10-08T01:28:41,0,14,0.431196,ok,6.66,5.62,6.75
without,4000000,dynamic,cli,proof:dynamic:cli@2026-10-08T01:28:41,2026-10-08T01:28:42,1,0,1.696283,ok,6.66,5.62,6.75
without,4000000,dynamic,cli,proof:dynamic:cli@2026-10-08T01:28:41,2026-10-08T01:28:44,1,1,1.419108,ok,6.44,5.59,6.73
with,4000000,dynamic,cli,proof:dynamic:cli@2026-10-08T01:28:41,2026-10-08T01:28:46,1,0,2.454772,ok,6.44,5.59,6.73
with,4000000,dynamic,cli,proof:dynamic:cli@2026-10-08T01:28:41,2026-10-08T01:28:48,1,1,2.180614,ok,6.25,5.56,6.72
without,4000000,dynamic,cli,proof:dynamic:cli@2026-10-08T01:28:41,2026-10-08T01:28:50,0,0,1.414968,ok,6.25,5.56,6.72
with,4000000,dynamic,cli,proof:dynamic:cli@2026-10-08T01:28:41,2026-10-08T01:28:52,0,0,2.188821,ok,6.25,5.56,6.72
with,4000000,dynamic,cli,proof:dynamic:cli@2026-10-08T01:28:41,2026-10-08T01:28:54,0,1,2.178304,ok,5.99,5.52,6.69
without,4000000,dynamic,cli,proof:dynamic:cli@2026-10-08T01:28:41,2026-10-08T01:28:56,0,1,1.426567,ok,5.99,5.52,6.69
without,4000000,dynamic,cli,proof:dynamic:cli@2026-10-08T01:28:41,2026-10-08T01:28:57,0,2,1.429899,ok,5.99,5.52,6.69
with,4000000,dynamic,cli,proof:dynamic:cli@2026-10-08T01:28:41,2026-10-08T01:28:59,0,2,2.181441,ok,5.75,5.48,6.67
with,4000000,dynamic,cli,proof:dynamic:cli@2026-10-08T01:28:41,2026-10-08T01:29:01,0,3,2.186965,ok,5.75,5.48,6.67
without,4000000,dynamic,cli,proof:dynamic:cli@2026-10-08T01:28:41,2026-10-08T01:29:03,0,3,1.422450,ok,5.75,5.48,6.67
without,4000000,dynamic,cli,proof:dynamic:cli@2026-10-08T01:28:41,2026-10-08T01:29:04,0,4,1.419711,ok,5.45,5.42,6.64
with,4000000,dynamic,cli,proof:dynamic:cli@2026-10-08T01:28:41,2026-10-08T01:29:06,0,4,2.178738,ok,5.45,5.42,6.64
with,4000000,dynamic,cli,proof:dynamic:cli@2026-10-08T01:28:41,2026-10-08T01:29:09,0,5,2.178330,ok,5.25,5.38,6.62
without,4000000,dynamic,cli,proof:dynamic:cli@2026-10-08T01:28:41,2026-10-08T01:29:10,0,5,1.415242,ok,5.25,5.38,6.62
without,4000000,dynamic,cli,proof:dynamic:cli@2026-10-08T01:28:41,2026-10-08T01:29:11,0,6,1.416568,ok,5.25,5.38,6.62
with,4000000,dynamic,cli,proof:dynamic:cli@2026-10-08T01:28:41,2026-10-08T01:29:14,0,6,2.176795,ok,4.99,5.32,6.60
with,4000000,dynamic,cli,proof:dynamic:cli@2026-10-08T01:28:41,2026-10-08T01:29:16,0,7,2.177870,ok,4.99,5.32,6.60
without,4000000,dynamic,cli,proof:dynamic:cli@2026-10-08T01:28:41,2026-10-08T01:29:17,0,7,1.418253,ok,4.99,5.32,6.60
without,4000000,dynamic,cli,proof:dynamic:cli@2026-10-08T01:28:41,2026-10-08T01:29:19,0,8,1.421595,ok,4.83,5.28,6.57
with,4000000,dynamic,cli,proof:dynamic:cli@2026-10-08T01:28:41,2026-10-08T01:29:21,0,8,2.179300,ok,4.83,5.28,6.57
with,4000000,dynamic,cli,proof:dynamic:cli@2026-10-08T01:28:41,2026-10-08T01:29:23,0,9,2.208811,ok,4.83,5.28,6.57
without,4000000,dynamic,cli,proof:dynamic:cli@2026-10-08T01:28:41,2026-10-08T01:29:24,0,9,1.426252,ok,4.68,5.25,6.55
without,4000000,dynamic,cli,proof:dynamic:cli@2026-10-08T01:28:41,2026-10-08T01:29:26,0,10,1.421822,ok,4.68,5.25,6.55
with,4000000,dynamic,cli,proof:dynamic:cli@2026-10-08T01:28:41,2026-10-08T01:29:28,0,10,2.186977,ok,4.68,5.25,6.55
with,4000000,dynamic,cli,proof:dynamic:cli@2026-10-08T01:28:41,2026-10-08T01:29:30,0,11,2.190361,ok,4.63,5.23,6.54
without,4000000,dynamic,cli,proof:dynamic:cli@2026-10-08T01:28:41,2026-10-08T01:29:32,0,11,1.422439,ok,4.63,5.23,6.54
without,4000000,dynamic,cli,proof:dynamic:cli@2026-10-08T01:28:41,2026-10-08T01:29:33,0,12,1.423981,ok,4.63,5.23,6.54
with,4000000,dynamic,cli,proof:dynamic:cli@2026-10-08T01:28:41,2026-10-08T01:29:35,0,12,2.176626,ok,5.38,5.37,6.58
with,4000000,dynamic,cli,proof:dynamic:cli@2026-10-08T01:28:41,2026-10-08T01:29:37,0,13,2.176818,ok,5.38,5.37,6.58
without,4000000,dynamic,cli,proof:dynamic:cli@2026-10-08T01:28:41,2026-10-08T01:29:39,0,13,1.418982,ok,5.51,5.40,6.58
without,4000000,dynamic,cli,proof:dynamic:cli@2026-10-08T01:28:41,2026-10-08T01:29:40,0,14,1.422777,ok,5.51,5.40,6.58
with,4000000,dynamic,cli,proof:dynamic:cli@2026-10-08T01:28:41,2026-10-08T01:29:42,0,14,2.196355,ok,5.51,5.40,6.58
without,4000000,dynamic,O,proof:dynamic:O@2026-10-08T01:29:43,2026-10-08T01:29:43,1,0,0.812070,ok,5.39,5.37,6.57
without,4000000,dynamic,O,proof:dynamic:O@2026-10-08T01:29:43,2026-10-08T01:29:44,1,1,0.487215,ok,5.39,5.37,6.57
with,4000000,dynamic,O,proof:dynamic:O@2026-10-08T01:29:43,2026-10-08T01:29:45,1,0,1.134693,ok,5.39,5.37,6.57
with,4000000,dynamic,O,proof:dynamic:O@2026-10-08T01:29:43,2026-10-08T01:29:46,1,1,0.811084,ok,5.39,5.37,6.57
without,4000000,dynamic,O,proof:dynamic:O@2026-10-08T01:29:43,2026-10-08T01:29:46,0,0,0.487309,ok,5.39,5.37,6.57
with,4000000,dynamic,O,proof:dynamic:O@2026-10-08T01:29:43,2026-10-08T01:29:47,0,0,0.812132,ok,5.39,5.37,6.57
with,4000000,dynamic,O,proof:dynamic:O@2026-10-08T01:29:43,2026-10-08T01:29:48,0,1,0.800036,ok,5.39,5.37,6.57
without,4000000,dynamic,O,proof:dynamic:O@2026-10-08T01:29:43,2026-10-08T01:29:48,0,1,0.485121,ok,5.36,5.37,6.56
without,4000000,dynamic,O,proof:dynamic:O@2026-10-08T01:29:43,2026-10-08T01:29:49,0,2,0.501941,ok,5.36,5.37,6.56
with,4000000,dynamic,O,proof:dynamic:O@2026-10-08T01:29:43,2026-10-08T01:29:50,0,2,0.820291,ok,5.36,5.37,6.56
with,4000000,dynamic,O,proof:dynamic:O@2026-10-08T01:29:43,2026-10-08T01:29:51,0,3,0.809394,ok,5.36,5.37,6.56
without,4000000,dynamic,O,proof:dynamic:O@2026-10-08T01:29:43,2026-10-08T01:29:51,0,3,0.490933,ok,5.36,5.37,6.56
without,4000000,dynamic,O,proof:dynamic:O@2026-10-08T01:29:43,2026-10-08T01:29:52,0,4,0.482921,ok,5.36,5.37,6.56
with,4000000,dynamic,O,proof:dynamic:O@2026-10-08T01:29:43,2026-10-08T01:29:52,0,4,0.813596,ok,5.36,5.37,6.56
with,4000000,dynamic,O,proof:dynamic:O@2026-10-08T01:29:43,2026-10-08T01:29:53,0,5,0.804158,ok,5.33,5.36,6.55
without,4000000,dynamic,O,proof:dynamic:O@2026-10-08T01:29:43,2026-10-08T01:29:54,0,5,0.489474,ok,5.33,5.36,6.55
without,4000000,dynamic,O,proof:dynamic:O@2026-10-08T01:29:43,2026-10-08T01:29:54,0,6,0.487611,ok,5.33,5.36,6.55
with,4000000,dynamic,O,proof:dynamic:O@2026-10-08T01:29:43,2026-10-08T01:29:55,0,6,0.819935,ok,5.33,5.36,6.55
with,4000000,dynamic,O,proof:dynamic:O@2026-10-08T01:29:43,2026-10-08T01:29:56,0,7,0.816360,ok,5.33,5.36,6.55
without,4000000,dynamic,O,proof:dynamic:O@2026-10-08T01:29:43,2026-10-08T01:29:56,0,7,0.487123,ok,5.33,5.36,6.55
without,4000000,dynamic,O,proof:dynamic:O@2026-10-08T01:29:43,2026-10-08T01:29:57,0,8,0.487190,ok,5.33,5.36,6.55
with,4000000,dynamic,O,proof:dynamic:O@2026-10-08T01:29:43,2026-10-08T01:29:58,0,8,0.817476,ok,5.33,5.36,6.55
with,4000000,dynamic,O,proof:dynamic:O@2026-10-08T01:29:43,2026-10-08T01:29:58,0,9,0.821866,ok,5.14,5.32,6.53
without,4000000,dynamic,O,proof:dynamic:O@2026-10-08T01:29:43,2026-10-08T01:29:59,0,9,0.503449,ok,5.14,5.32,6.53
without,4000000,dynamic,O,proof:dynamic:O@2026-10-08T01:29:43,2026-10-08T01:29:59,0,10,0.488641,ok,5.14,5.32,6.53
with,4000000,dynamic,O,proof:dynamic:O@2026-10-08T01:29:43,2026-10-08T01:30:00,0,10,0.821372,ok,5.14,5.32,6.53
with,4000000,dynamic,O,proof:dynamic:O@2026-10-08T01:29:43,2026-10-08T01:30:01,0,11,0.822814,ok,5.14,5.32,6.53
without,4000000,dynamic,O,proof:dynamic:O@2026-10-08T01:29:43,2026-10-08T01:30:02,0,11,0.482129,ok,5.14,5.32,6.53
without,4000000,dynamic,O,proof:dynamic:O@2026-10-08T01:29:43,2026-10-08T01:30:02,0,12,0.484058,ok,5.14,5.32,6.53
with,4000000,dynamic,O,proof:dynamic:O@2026-10-08T01:29:43,2026-10-08T01:30:03,0,12,0.816525,ok,5.14,5.32,6.53
with,4000000,dynamic,O,proof:dynamic:O@2026-10-08T01:29:43,2026-10-08T01:30:04,0,13,0.807391,ok,5.05,5.30,6.51
without,4000000,dynamic,O,proof:dynamic:O@2026-10-08T01:29:43,2026-10-08T01:30:04,0,13,0.490279,ok,5.05,5.30,6.51
without,4000000,dynamic,O,proof:dynamic:O@2026-10-08T01:29:43,2026-10-08T01:30:05,0,14,0.486698,ok,5.05,5.30,6.51
with,4000000,dynamic,O,proof:dynamic:O@2026-10-08T01:29:43,2026-10-08T01:30:05,0,14,0.810154,ok,5.05,5.30,6.51
