variant,n,flags,batch,time,warmup,rep,seconds,status,load1,load5,load15
inplace,100,O,rustref:inplace:100@2026-10-08T01:30:06,2026-10-08T01:30:06,1,0,0.268219,ok,5.05,5.30,6.51
inplace,100,O,rustref:inplace:100@2026-10-08T01:30:06,2026-10-08T01:30:06,1,1,0.005167,ok,5.05,5.30,6.51
inplace,100,O,rustref:inplace:100@2026-10-08T01:30:06,2026-10-08T01:30:06,0,0,0.002970,ok,5.05,5.30,6.51
inplace,100,O,rustref:inplace:100@2026-10-08T01:30:06,2026-10-08T01:30:06,0,1,0.002524,ok,5.05,5.30,6.51
inplace,100,O,rustref:inplace:100@2026-10-08T01:30:06,2026-10-08T01:30:06,0,2,0.003063,ok,5.05,5.30,6.51
inplace,100,O,rustref:inplace:100@2026-10-08T01:30:06,2026-10-08T01:30:06,0,3,0.002563,ok,5.05,5.30,6.51
inplace,100,O,rustref:inplace:100@2026-10-08T01:30:06,2026-10-08T01:30:06,0,4,0.002621,ok,5.05,5.30,6.51
inplace,100,O,rustref:inplace:100@2026-10-08T01:30:06,2026-10-08T01:30:06,0,5,0.002642,ok,5.05,5.30,6.51
inplace,100,O,rustref:inplace:100@2026-10-08T01:30:06,2026-10-08T01:30:06,0,6,0.002629,ok,5.05,5.30,6.51
inplace,100,O,rustref:inplace:100@2026-10-08T01:30:06,2026-10-08T01:30:06,0,7,0.002527,ok,5.05,5.30,6.51
inplace,100,O,rustref:inplace:100@2026-10-08T01:30:06,2026-10-08T01:30:06,0,8,0.002614,ok,5.05,5.30,6.51
inplace,100,O,rustref:inplace:100@2026-10-08T01:30:06,2026-10-08T01:30:06,0,9,0.002674,ok,5.05,5.30,6.51
inplace,100,O,rustref:inplace:100@2026-10-08T01:30:06,2026-10-08T01:30:06,0,10,0.002600,ok,5.05,5.30,6.51
inplace,100,O,rustref:inplace:100@2026-10-08T01:30:06,2026-10-08T01:30:06,0,11,0.002729,ok,5.05,5.30,6.51
inplace,100,O,rustref:inplace:100@2026-10-08T01:30:06,2026-10-08T01:30:06,0,12,0.002689,ok,5.05,5.30,6.51
inplace,100,O,rustref:inplace:100@2026-10-08T01:30:06,2026-10-08T01:30:06,0,13,0.002942,ok,5.05,5.30,6.51
inplace,100,O,rustref:inplace:100@2026-10-08T01:30:06,2026-10-08T01:30:06,0,14,0.003214,ok,5.05,5.30,6.51
inplace,100,O,rustref:inplace:100@2026-10-08T01:30:06,2026-10-08T01:30:06,0,15,0.003400,ok,5.05,5.30,6.51
inplace,100,O,rustref:inplace:100@2026-10-08T01:30:06,2026-10-08T01:30:06,0,16,0.003697,ok,5.05,5.30,6.51
inplace,100,O,rustref:inplace:100@2026-10-08T01:30:06,2026-10-08T01:30:06,0,17,0.003505,ok,5.05,5.30,6.51
inplace,100,O,rustref:inplace:100@2026-10-08T01:30:06,2026-10-08T01:30:06,0,18,0.003231,ok,5.05,5.30,6.51
inplace,100,O,rustref:inplace:100@2026-10-08T01:30:06,2026-10-08T01:30:06,0,19,0.003226,ok,5.05,5.30,6.51
inplace,200,O,rustref:inplace:200@2026-10-08T01:30:06,2026-10-08T01:30:06,1,0,0.003452,ok,5.05,5.30,6.51
inplace,200,O,rustref:inplace:200@2026-10-08T01:30:06,2026-10-08T01:30:06,1,1,0.002646,ok,5.05,5.30,6.51
inplace,200,O,rustref:inplace:200@2026-10-08T01:30:06,2026-10-08T01:30:06,0,0,0.002540,ok,5.05,5.30,6.51
inplace,200,O,rustref:inplace:200@2026-10-08T01:30:06,2026-10-08T01:30:06,0,1,0.002413,ok,5.05,5.30,6.51
inplace,200,O,rustref:inplace:200@2026-10-08T01:30:06,2026-10-08T01:30:06,0,2,0.002290,ok,5.05,5.30,6.51
inplace,200,O,rustref:inplace:200@2026-10-08T01:30:06,2026-10-08T01:30:06,0,3,0.002241,ok,5.05,5.30,6.51
inplace,200,O,rustref:inplace:200@2026-10-08T01:30:06,2026-10-08T01:30:06,0,4,0.002316,ok,5.05,5.30,6.51
inplace,200,O,rustref:inplace:200@2026-10-08T01:30:06,2026-10-08T01:30:06,0,5,0.002352,ok,5.05,5.30,6.51
inplace,200,O,rustref:inplace:200@2026-10-08T01:30:06,2026-10-08T01:30:06,0,6,0.002466,ok,5.05,5.30,6.51
inplace,200,O,rustref:inplace:200@2026-10-08T01:30:06,2026-10-08T01:30:06,0,7,0.002326,ok,5.05,5.30,6.51
inplace,200,O,rustref:inplace:200@2026-10-08T01:30:06,2026-10-08T01:30:06,0,8,0.002282,ok,5.05,5.30,6.51
inplace,200,O,rustref:inplace:200@2026-10-08T01:30:06,2026-10-08T01:30:06,0,9,0.002286,ok,5.05,5.30,6.51
inplace,200,O,rustref:inplace:200@2026-10-08T01:30:06,2026-10-08T01:30:06,0,10,0.002293,ok,5.05,5.30,6.51
inplace,200,O,rustref:inplace:200@2026-10-08T01:30:06,2026-10-08T01:30:06,0,11,0.002349,ok,5.05,5.30,6.51
inplace,200,O,rustref:inplace:200@2026-10-08T01:30:06,2026-10-08T01:30:06,0,12,0.002293,ok,5.05,5.30,6.51
inplace,200,O,rustref:inplace:200@2026-10-08T01:30:06,2026-10-08T01:30:06,0,13,0.002259,ok,5.05,5.30,6.51
inplace,200,O,rustref:inplace:200@2026-10-08T01:30:06,2026-10-08T01:30:06,0,14,0.002489,ok,5.05,5.30,6.51
inplace,200,O,rustref:inplace:200@2026-10-08T01:30:06,2026-10-08T01:30:06,0,15,0.002352,ok,5.05,5.30,6.51
inplace,200,O,rustref:inplace:200@2026-10-08T01:30:06,2026-10-08T01:30:06,0,16,0.002313,ok,5.05,5.30,6.51
inplace,200,O,rustref:inplace:200@2026-10-08T01:30:06,2026-10-08T01:30:06,0,17,0.002240,ok,5.05,5.30,6.51
inplace,200,O,rustref:inplace:200@2026-10-08T01:30:06,2026-10-08T01:30:06,0,18,0.002280,ok,5.05,5.30,6.51
inplace,200,O,rustref:inplace:200@2026-10-08T01:30:06,2026-10-08T01:30:06,0,19,0.002395,ok,5.05,5.30,6.51
inplace,400,O,rustref:inplace:400@2026-10-08T01:30:06,2026-10-08T01:30:06,1,0,0.003038,ok,5.05,5.30,6.51
inplace,400,O,rustref:inplace:400@2026-10-08T01:30:06,2026-10-08T01:30:06,1,1,0.002497,ok,5.05,5.30,6.51
inplace,400,O,rustref:inplace:400@2026-10-08T01:30:06,2026-10-08T01:30:06,0,0,0.002363,ok,5.05,5.30,6.51
inplace,400,O,rustref:inplace:400@2026-10-08T01:30:06,2026-10-08T01:30:06,0,1,0.002336,ok,5.05,5.30,6.51
inplace,400,O,rustref:inplace:400@2026-10-08T01:30:06,2026-10-08T01:30:06,0,2,0.002340,ok,5.05,5.30,6.51
inplace,400,O,rustref:inplace:400@2026-10-08T01:30:06,2026-10-08T01:30:06,0,3,0.002389,ok,5.05,5.30,6.51
inplace,400,O,rustref:inplace:400@2026-10-08T01:30:06,2026-10-08T01:30:06,0,4,0.002380,ok,5.05,5.30,6.51
inplace,400,O,rustref:inplace:400@2026-10-08T01:30:06,2026-10-08T01:30:06,0,5,0.002225,ok,5.05,5.30,6.51
inplace,400,O,rustref:inplace:400@2026-10-08T01:30:06,2026-10-08T01:30:06,0,6,0.002437,ok,5.05,5.30,6.51
inplace,400,O,rustref:inplace:400@2026-10-08T01:30:06,2026-10-08T01:30:06,0,7,0.002327,ok,5.05,5.30,6.51
inplace,400,O,rustref:inplace:400@2026-10-08T01:30:06,2026-10-08T01:30:06,0,8,0.002338,ok,5.05,5.30,6.51
inplace,400,O,rustref:inplace:400@2026-10-08T01:30:06,2026-10-08T01:30:06,0,9,0.002292,ok,5.05,5.30,6.51
inplace,400,O,rustref:inplace:400@2026-10-08T01:30:06,2026-10-08T01:30:06,0,10,0.002311,ok,5.05,5.30,6.51
inplace,400,O,rustref:inplace:400@2026-10-08T01:30:06,2026-10-08T01:30:06,0,11,0.002218,ok,5.05,5.30,6.51
inplace,400,O,rustref:inplace:400@2026-10-08T01:30:06,2026-10-08T01:30:07,0,12,0.002277,ok,5.05,5.30,6.51
inplace,400,O,rustref:inplace:400@2026-10-08T01:30:06,2026-10-08T01:30:07,0,13,0.002258,ok,5.05,5.30,6.51
inplace,400,O,rustref:inplace:400@2026-10-08T01:30:06,2026-10-08T01:30:07,0,14,0.002319,ok,5.05,5.30,6.51
inplace,400,O,rustref:inplace:400@2026-10-08T01:30:06,2026-10-08T01:30:07,0,15,0.002249,ok,5.05,5.30,6.51
inplace,400,O,rustref:inplace:400@2026-10-08T01:30:06,2026-10-08T01:30:07,0,16,0.002244,ok,5.05,5.30,6.51
inplace,400,O,rustref:inplace:400@2026-10-08T01:30:06,2026-10-08T01:30:07,0,17,0.002251,ok,5.05,5.30,6.51
inplace,400,O,rustref:inplace:400@2026-10-08T01:30:06,2026-10-08T01:30:07,0,18,0.002243,ok,5.05,5.30,6.51
inplace,400,O,rustref:inplace:400@2026-10-08T01:30:06,2026-10-08T01:30:07,0,19,0.002231,ok,5.05,5.30,6.51
inplace,800,O,rustref:inplace:800@2026-10-08T01:30:07,2026-10-08T01:30:07,1,0,0.003055,ok,5.05,5.30,6.51
inplace,800,O,rustref:inplace:800@2026-10-08T01:30:07,2026-10-08T01:30:07,1,1,0.002463,ok,5.05,5.30,6.51
inplace,800,O,rustref:inplace:800@2026-10-08T01:30:07,2026-10-08T01:30:07,0,0,0.002394,ok,5.05,5.30,6.51
inplace,800,O,rustref:inplace:800@2026-10-08T01:30:07,2026-10-08T01:30:07,0,1,0.002380,ok,5.05,5.30,6.51
inplace,800,O,rustref:inplace:800@2026-10-08T01:30:07,2026-10-08T01:30:07,0,2,0.002249,ok,5.05,5.30,6.51
inplace,800,O,rustref:inplace:800@2026-10-08T01:30:07,2026-10-08T01:30:07,0,3,0.002463,ok,5.05,5.30,6.51
inplace,800,O,rustref:inplace:800@2026-10-08T01:30:07,2026-10-08T01:30:07,0,4,0.002281,ok,5.05,5.30,6.51
inplace,800,O,rustref:inplace:800@2026-10-08T01:30:07,2026-10-08T01:30:07,0,5,0.002385,ok,5.05,5.30,6.51
inplace,800,O,rustref:inplace:800@2026-10-08T01:30:07,2026-10-08T01:30:07,0,6,0.002283,ok,5.05,5.30,6.51
inplace,800,O,rustref:inplace:800@2026-10-08T01:30:07,2026-10-08T01:30:07,0,7,0.002342,ok,5.05,5.30,6.51
inplace,800,O,rustref:inplace:800@2026-10-08T01:30:07,2026-10-08T01:30:07,0,8,0.002225,ok,5.05,5.30,6.51
inplace,800,O,rustref:inplace:800@2026-10-08T01:30:07,2026-10-08T01:30:07,0,9,0.002405,ok,5.05,5.30,6.51
inplace,800,O,rustref:inplace:800@2026-10-08T01:30:07,2026-10-08T01:30:07,0,10,0.002277,ok,5.05,5.30,6.51
inplace,800,O,rustref:inplace:800@2026-10-08T01:30:07,2026-10-08T01:30:07,0,11,0.002242,ok,5.05,5.30,6.51
inplace,800,O,rustref:inplace:800@2026-10-08T01:30:07,2026-10-08T01:30:07,0,12,0.002180,ok,5.05,5.30,6.51
inplace,800,O,rustref:inplace:800@2026-10-08T01:30:07,2026-10-08T01:30:07,0,13,0.002267,ok,5.05,5.30,6.51
inplace,800,O,rustref:inplace:800@2026-10-08T01:30:07,2026-10-08T01:30:07,0,14,0.002208,ok,5.05,5.30,6.51
inplace,800,O,rustref:inplace:800@2026-10-08T01:30:07,2026-10-08T01:30:07,0,15,0.002320,ok,5.05,5.30,6.51
inplace,800,O,rustref:inplace:800@2026-10-08T01:30:07,2026-10-08T01:30:07,0,16,0.002384,ok,5.05,5.30,6.51
inplace,800,O,rustref:inplace:800@2026-10-08T01:30:07,2026-10-08T01:30:07,0,17,0.002226,ok,5.05,5.30,6.51
inplace,800,O,rustref:inplace:800@2026-10-08T01:30:07,2026-10-08T01:30:07,0,18,0.002221,ok,5.05,5.30,6.51
inplace,800,O,rustref:inplace:800@2026-10-08T01:30:07,2026-10-08T01:30:07,0,19,0.002217,ok,5.05,5.30,6.51
inplace,1600,O,rustref:inplace:1600@2026-10-08T01:30:07,2026-10-08T01:30:07,1,0,0.002982,ok,5.05,5.30,6.51
inplace,1600,O,rustref:inplace:1600@2026-10-08T01:30:07,2026-10-08T01:30:07,1,1,0.002504,ok,5.05,5.30,6.51
inplace,1600,O,rustref:inplace:1600@2026-10-08T01:30:07,2026-10-08T01:30:07,0,0,0.002346,ok,5.05,5.30,6.51
inplace,1600,O,rustref:inplace:1600@2026-10-08T01:30:07,2026-10-08T01:30:07,0,1,0.002220,ok,5.05,5.30,6.51
inplace,1600,O,rustref:inplace:1600@2026-10-08T01:30:07,2026-10-08T01:30:07,0,2,0.002238,ok,5.05,5.30,6.51
inplace,1600,O,rustref:inplace:1600@2026-10-08T01:30:07,2026-10-08T01:30:07,0,3,0.002236,ok,5.05,5.30,6.51
inplace,1600,O,rustref:inplace:1600@2026-10-08T01:30:07,2026-10-08T01:30:07,0,4,0.002176,ok,5.05,5.30,6.51
inplace,1600,O,rustref:inplace:1600@2026-10-08T01:30:07,2026-10-08T01:30:07,0,5,0.002300,ok,5.05,5.30,6.51
inplace,1600,O,rustref:inplace:1600@2026-10-08T01:30:07,2026-10-08T01:30:07,0,6,0.002295,ok,5.05,5.30,6.51
inplace,1600,O,rustref:inplace:1600@2026-10-08T01:30:07,2026-10-08T01:30:07,0,7,0.002247,ok,5.05,5.30,6.51
inplace,1600,O,rustref:inplace:1600@2026-10-08T01:30:07,2026-10-08T01:30:07,0,8,0.002211,ok,5.05,5.30,6.51
inplace,1600,O,rustref:inplace:1600@2026-10-08T01:30:07,2026-10-08T01:30:07,0,9,0.002207,ok,5.05,5.30,6.51
inplace,1600,O,rustref:inplace:1600@2026-10-08T01:30:07,2026-10-08T01:30:07,0,10,0.002218,ok,5.05,5.30,6.51
inplace,1600,O,rustref:inplace:1600@2026-10-08T01:30:07,2026-10-08T01:30:07,0,11,0.002189,ok,5.05,5.30,6.51
inplace,1600,O,rustref:inplace:1600@2026-10-08T01:30:07,2026-10-08T01:30:07,0,12,0.002291,ok,5.05,5.30,6.51
inplace,1600,O,rustref:inplace:1600@2026-10-08T01:30:07,2026-10-08T01:30:07,0,13,0.002283,ok,5.05,5.30,6.51
inplace,1600,O,rustref:inplace:1600@2026-10-08T01:30:07,2026-10-08T01:30:07,0,14,0.002213,ok,5.05,5.30,6.51
inplace,1600,O,rustref:inplace:1600@2026-10-08T01:30:07,2026-10-08T01:30:07,0,15,0.002329,ok,5.05,5.30,6.51
inplace,1600,O,rustref:inplace:1600@2026-10-08T01:30:07,2026-10-08T01:30:07,0,16,0.002508,ok,5.05,5.30,6.51
inplace,1600,O,rustref:inplace:1600@2026-10-08T01:30:07,2026-10-08T01:30:07,0,17,0.002264,ok,5.05,5.30,6.51
inplace,1600,O,rustref:inplace:1600@2026-10-08T01:30:07,2026-10-08T01:30:07,0,18,0.002210,ok,5.05,5.30,6.51
inplace,1600,O,rustref:inplace:1600@2026-10-08T01:30:07,2026-10-08T01:30:07,0,19,0.002253,ok,5.05,5.30,6.51
snoc,100,O,rustref:snoc:100@2026-10-08T01:30:07,2026-10-08T01:30:07,1,0,0.003417,ok,5.05,5.30,6.51
snoc,100,O,rustref:snoc:100@2026-10-08T01:30:07,2026-10-08T01:30:07,1,1,0.002541,ok,5.05,5.30,6.51
snoc,100,O,rustref:snoc:100@2026-10-08T01:30:07,2026-10-08T01:30:07,0,0,0.002404,ok,5.05,5.30,6.51
snoc,100,O,rustref:snoc:100@2026-10-08T01:30:07,2026-10-08T01:30:07,0,1,0.002238,ok,5.05,5.30,6.51
snoc,100,O,rustref:snoc:100@2026-10-08T01:30:07,2026-10-08T01:30:07,0,2,0.002336,ok,5.05,5.30,6.51
snoc,100,O,rustref:snoc:100@2026-10-08T01:30:07,2026-10-08T01:30:07,0,3,0.002458,ok,5.05,5.30,6.51
snoc,100,O,rustref:snoc:100@2026-10-08T01:30:07,2026-10-08T01:30:07,0,4,0.002336,ok,5.05,5.30,6.51
snoc,100,O,rustref:snoc:100@2026-10-08T01:30:07,2026-10-08T01:30:07,0,5,0.002346,ok,5.05,5.30,6.51
snoc,100,O,rustref:snoc:100@2026-10-08T01:30:07,2026-10-08T01:30:07,0,6,0.002300,ok,5.05,5.30,6.51
snoc,100,O,rustref:snoc:100@2026-10-08T01:30:07,2026-10-08T01:30:07,0,7,0.002315,ok,5.05,5.30,6.51
snoc,100,O,rustref:snoc:100@2026-10-08T01:30:07,2026-10-08T01:30:07,0,8,0.002301,ok,5.05,5.30,6.51
snoc,100,O,rustref:snoc:100@2026-10-08T01:30:07,2026-10-08T01:30:07,0,9,0.002365,ok,5.05,5.30,6.51
snoc,100,O,rustref:snoc:100@2026-10-08T01:30:07,2026-10-08T01:30:07,0,10,0.002263,ok,5.05,5.30,6.51
snoc,100,O,rustref:snoc:100@2026-10-08T01:30:07,2026-10-08T01:30:07,0,11,0.002271,ok,5.05,5.30,6.51
snoc,100,O,rustref:snoc:100@2026-10-08T01:30:07,2026-10-08T01:30:07,0,12,0.002260,ok,5.05,5.30,6.51
snoc,100,O,rustref:snoc:100@2026-10-08T01:30:07,2026-10-08T01:30:07,0,13,0.002209,ok,5.05,5.30,6.51
snoc,100,O,rustref:snoc:100@2026-10-08T01:30:07,2026-10-08T01:30:07,0,14,0.002232,ok,5.05,5.30,6.51
snoc,100,O,rustref:snoc:100@2026-10-08T01:30:07,2026-10-08T01:30:07,0,15,0.002321,ok,5.05,5.30,6.51
snoc,100,O,rustref:snoc:100@2026-10-08T01:30:07,2026-10-08T01:30:07,0,16,0.002207,ok,5.05,5.30,6.51
snoc,100,O,rustref:snoc:100@2026-10-08T01:30:07,2026-10-08T01:30:07,0,17,0.002250,ok,5.05,5.30,6.51
snoc,100,O,rustref:snoc:100@2026-10-08T01:30:07,2026-10-08T01:30:07,0,18,0.002244,ok,5.05,5.30,6.51
snoc,100,O,rustref:snoc:100@2026-10-08T01:30:07,2026-10-08T01:30:07,0,19,0.002278,ok,5.05,5.30,6.51
snoc,200,O,rustref:snoc:200@2026-10-08T01:30:07,2026-10-08T01:30:07,1,0,0.002979,ok,5.05,5.30,6.51
snoc,200,O,rustref:snoc:200@2026-10-08T01:30:07,2026-10-08T01:30:07,1,1,0.002663,ok,5.05,5.30,6.51
snoc,200,O,rustref:snoc:200@2026-10-08T01:30:07,2026-10-08T01:30:07,0,0,0.002433,ok,5.05,5.30,6.51
snoc,200,O,rustref:snoc:200@2026-10-08T01:30:07,2026-10-08T01:30:07,0,1,0.002290,ok,5.05,5.30,6.51
snoc,200,O,rustref:snoc:200@2026-10-08T01:30:07,2026-10-08T01:30:07,0,2,0.002256,ok,5.05,5.30,6.51
snoc,200,O,rustref:snoc:200@2026-10-08T01:30:07,2026-10-08T01:30:07,0,3,0.002321,ok,5.05,5.30,6.51
snoc,200,O,rustref:snoc:200@2026-10-08T01:30:07,2026-10-08T01:30:07,0,4,0.002234,ok,5.05,5.30,6.51
snoc,200,O,rustref:snoc:200@2026-10-08T01:30:07,2026-10-08T01:30:07,0,5,0.002308,ok,5.05,5.30,6.51
snoc,200,O,rustref:snoc:200@2026-10-08T01:30:07,2026-10-08T01:30:07,0,6,0.002340,ok,5.05,5.30,6.51
snoc,200,O,rustref:snoc:200@2026-10-08T01:30:07,2026-10-08T01:30:07,0,7,0.002173,ok,5.05,5.30,6.51
snoc,200,O,rustref:snoc:200@2026-10-08T01:30:07,2026-10-08T01:30:07,0,8,0.002145,ok,5.05,5.30,6.51
snoc,200,O,rustref:snoc:200@2026-10-08T01:30:07,2026-10-08T01:30:07,0,9,0.002266,ok,5.05,5.30,6.51
snoc,200,O,rustref:snoc:200@2026-10-08T01:30:07,2026-10-08T01:30:07,0,10,0.002206,ok,5.05,5.30,6.51
snoc,200,O,rustref:snoc:200@2026-10-08T01:30:07,2026-10-08T01:30:07,0,11,0.002280,ok,5.05,5.30,6.51
snoc,200,O,rustref:snoc:200@2026-10-08T01:30:07,2026-10-08T01:30:07,0,12,0.002288,ok,5.05,5.30,6.51
snoc,200,O,rustref:snoc:200@2026-10-08T01:30:07,2026-10-08T01:30:07,0,13,0.002233,ok,5.05,5.30,6.51
snoc,200,O,rustref:snoc:200@2026-10-08T01:30:07,2026-10-08T01:30:07,0,14,0.002294,ok,5.05,5.30,6.51
snoc,200,O,rustref:snoc:200@2026-10-08T01:30:07,2026-10-08T01:30:07,0,15,0.002257,ok,5.05,5.30,6.51
snoc,200,O,rustref:snoc:200@2026-10-08T01:30:07,2026-10-08T01:30:07,0,16,0.002248,ok,5.05,5.30,6.51
snoc,200,O,rustref:snoc:200@2026-10-08T01:30:07,2026-10-08T01:30:07,0,17,0.002328,ok,5.05,5.30,6.51
snoc,200,O,rustref:snoc:200@2026-10-08T01:30:07,2026-10-08T01:30:07,0,18,0.002184,ok,5.05,5.30,6.51
snoc,200,O,rustref:snoc:200@2026-10-08T01:30:07,2026-10-08T01:30:07,0,19,0.002214,ok,5.05,5.30,6.51
snoc,400,O,rustref:snoc:400@2026-10-08T01:30:07,2026-10-08T01:30:07,1,0,0.002988,ok,5.05,5.30,6.51
snoc,400,O,rustref:snoc:400@2026-10-08T01:30:07,2026-10-08T01:30:07,1,1,0.002378,ok,5.05,5.30,6.51
snoc,400,O,rustref:snoc:400@2026-10-08T01:30:07,2026-10-08T01:30:07,0,0,0.002279,ok,5.05,5.30,6.51
snoc,400,O,rustref:snoc:400@2026-10-08T01:30:07,2026-10-08T01:30:07,0,1,0.002351,ok,5.05,5.30,6.51
snoc,400,O,rustref:snoc:400@2026-10-08T01:30:07,2026-10-08T01:30:07,0,2,0.002304,ok,5.05,5.30,6.51
snoc,400,O,rustref:snoc:400@2026-10-08T01:30:07,2026-10-08T01:30:07,0,3,0.002413,ok,5.05,5.30,6.51
snoc,400,O,rustref:snoc:400@2026-10-08T01:30:07,2026-10-08T01:30:07,0,4,0.002331,ok,5.05,5.30,6.51
snoc,400,O,rustref:snoc:400@2026-10-08T01:30:07,2026-10-08T01:30:07,0,5,0.002240,ok,5.05,5.30,6.51
snoc,400,O,rustref:snoc:400@2026-10-08T01:30:07,2026-10-08T01:30:07,0,6,0.002319,ok,5.05,5.30,6.51
snoc,400,O,rustref:snoc:400@2026-10-08T01:30:07,2026-10-08T01:30:07,0,7,0.002294,ok,5.05,5.30,6.51
snoc,400,O,rustref:snoc:400@2026-10-08T01:30:07,2026-10-08T01:30:07,0,8,0.002400,ok,5.05,5.30,6.51
snoc,400,O,rustref:snoc:400@2026-10-08T01:30:07,2026-10-08T01:30:07,0,9,0.002311,ok,5.05,5.30,6.51
snoc,400,O,rustref:snoc:400@2026-10-08T01:30:07,2026-10-08T01:30:07,0,10,0.002295,ok,5.05,5.30,6.51
snoc,400,O,rustref:snoc:400@2026-10-08T01:30:07,2026-10-08T01:30:07,0,11,0.002283,ok,5.05,5.30,6.51
snoc,400,O,rustref:snoc:400@2026-10-08T01:30:07,2026-10-08T01:30:07,0,12,0.002221,ok,5.05,5.30,6.51
snoc,400,O,rustref:snoc:400@2026-10-08T01:30:07,2026-10-08T01:30:07,0,13,0.002265,ok,5.05,5.30,6.51
snoc,400,O,rustref:snoc:400@2026-10-08T01:30:07,2026-10-08T01:30:07,0,14,0.002327,ok,5.05,5.30,6.51
snoc,400,O,rustref:snoc:400@2026-10-08T01:30:07,2026-10-08T01:30:07,0,15,0.002283,ok,5.05,5.30,6.51
snoc,400,O,rustref:snoc:400@2026-10-08T01:30:07,2026-10-08T01:30:07,0,16,0.002247,ok,5.05,5.30,6.51
snoc,400,O,rustref:snoc:400@2026-10-08T01:30:07,2026-10-08T01:30:07,0,17,0.002285,ok,5.05,5.30,6.51
snoc,400,O,rustref:snoc:400@2026-10-08T01:30:07,2026-10-08T01:30:07,0,18,0.002256,ok,5.05,5.30,6.51
snoc,400,O,rustref:snoc:400@2026-10-08T01:30:07,2026-10-08T01:30:07,0,19,0.002237,ok,5.05,5.30,6.51
snoc,800,O,rustref:snoc:800@2026-10-08T01:30:07,2026-10-08T01:30:07,1,0,0.003153,ok,5.05,5.30,6.51
snoc,800,O,rustref:snoc:800@2026-10-08T01:30:07,2026-10-08T01:30:07,1,1,0.002650,ok,5.05,5.30,6.51
snoc,800,O,rustref:snoc:800@2026-10-08T01:30:07,2026-10-08T01:30:07,0,0,0.002354,ok,5.05,5.30,6.51
snoc,800,O,rustref:snoc:800@2026-10-08T01:30:07,2026-10-08T01:30:07,0,1,0.002291,ok,5.05,5.30,6.51
snoc,800,O,rustref:snoc:800@2026-10-08T01:30:07,2026-10-08T01:30:07,0,2,0.002446,ok,5.05,5.30,6.51
snoc,800,O,rustref:snoc:800@2026-10-08T01:30:07,2026-10-08T01:30:07,0,3,0.002336,ok,5.05,5.30,6.51
snoc,800,O,rustref:snoc:800@2026-10-08T01:30:07,2026-10-08T01:30:07,0,4,0.002593,ok,5.05,5.30,6.51
snoc,800,O,rustref:snoc:800@2026-10-08T01:30:07,2026-10-08T01:30:07,0,5,0.002451,ok,5.05,5.30,6.51
snoc,800,O,rustref:snoc:800@2026-10-08T01:30:07,2026-10-08T01:30:07,0,6,0.002408,ok,5.05,5.30,6.51
snoc,800,O,rustref:snoc:800@2026-10-08T01:30:07,2026-10-08T01:30:07,0,7,0.002336,ok,5.05,5.30,6.51
snoc,800,O,rustref:snoc:800@2026-10-08T01:30:07,2026-10-08T01:30:07,0,8,0.002423,ok,5.05,5.30,6.51
snoc,800,O,rustref:snoc:800@2026-10-08T01:30:07,2026-10-08T01:30:07,0,9,0.002355,ok,5.05,5.30,6.51
snoc,800,O,rustref:snoc:800@2026-10-08T01:30:07,2026-10-08T01:30:07,0,10,0.002305,ok,5.05,5.30,6.51
snoc,800,O,rustref:snoc:800@2026-10-08T01:30:07,2026-10-08T01:30:07,0,11,0.002234,ok,5.05,5.30,6.51
snoc,800,O,rustref:snoc:800@2026-10-08T01:30:07,2026-10-08T01:30:07,0,12,0.002384,ok,5.05,5.30,6.51
snoc,800,O,rustref:snoc:800@2026-10-08T01:30:07,2026-10-08T01:30:07,0,13,0.002342,ok,5.05,5.30,6.51
snoc,800,O,rustref:snoc:800@2026-10-08T01:30:07,2026-10-08T01:30:07,0,14,0.002333,ok,5.05,5.30,6.51
snoc,800,O,rustref:snoc:800@2026-10-08T01:30:07,2026-10-08T01:30:07,0,15,0.002233,ok,5.05,5.30,6.51
snoc,800,O,rustref:snoc:800@2026-10-08T01:30:07,2026-10-08T01:30:07,0,16,0.002482,ok,5.05,5.30,6.51
snoc,800,O,rustref:snoc:800@2026-10-08T01:30:07,2026-10-08T01:30:07,0,17,0.002291,ok,5.05,5.30,6.51
snoc,800,O,rustref:snoc:800@2026-10-08T01:30:07,2026-10-08T01:30:07,0,18,0.002391,ok,5.05,5.30,6.51
snoc,800,O,rustref:snoc:800@2026-10-08T01:30:07,2026-10-08T01:30:07,0,19,0.002402,ok,5.05,5.30,6.51
snoc,1600,O,rustref:snoc:1600@2026-10-08T01:30:07,2026-10-08T01:30:08,1,0,0.003158,ok,5.05,5.30,6.51
snoc,1600,O,rustref:snoc:1600@2026-10-08T01:30:07,2026-10-08T01:30:08,1,1,0.002671,ok,5.05,5.30,6.51
snoc,1600,O,rustref:snoc:1600@2026-10-08T01:30:07,2026-10-08T01:30:08,0,0,0.002644,ok,5.05,5.30,6.51
snoc,1600,O,rustref:snoc:1600@2026-10-08T01:30:07,2026-10-08T01:30:08,0,1,0.002513,ok,5.05,5.30,6.51
snoc,1600,O,rustref:snoc:1600@2026-10-08T01:30:07,2026-10-08T01:30:08,0,2,0.002797,ok,5.05,5.30,6.51
snoc,1600,O,rustref:snoc:1600@2026-10-08T01:30:07,2026-10-08T01:30:08,0,3,0.002764,ok,5.05,5.30,6.51
snoc,1600,O,rustref:snoc:1600@2026-10-08T01:30:07,2026-10-08T01:30:08,0,4,0.002891,ok,5.05,5.30,6.51
snoc,1600,O,rustref:snoc:1600@2026-10-08T01:30:07,2026-10-08T01:30:08,0,5,0.002558,ok,5.05,5.30,6.51
snoc,1600,O,rustref:snoc:1600@2026-10-08T01:30:07,2026-10-08T01:30:08,0,6,0.002508,ok,5.05,5.30,6.51
snoc,1600,O,rustref:snoc:1600@2026-10-08T01:30:07,2026-10-08T01:30:08,0,7,0.002562,ok,5.05,5.30,6.51
snoc,1600,O,rustref:snoc:1600@2026-10-08T01:30:07,2026-10-08T01:30:08,0,8,0.002636,ok,5.05,5.30,6.51
snoc,1600,O,rustref:snoc:1600@2026-10-08T01:30:07,2026-10-08T01:30:08,0,9,0.002457,ok,5.05,5.30,6.51
snoc,1600,O,rustref:snoc:1600@2026-10-08T01:30:07,2026-10-08T01:30:08,0,10,0.002466,ok,5.05,5.30,6.51
snoc,1600,O,rustref:snoc:1600@2026-10-08T01:30:07,2026-10-08T01:30:08,0,11,0.002432,ok,5.05,5.30,6.51
snoc,1600,O,rustref:snoc:1600@2026-10-08T01:30:07,2026-10-08T01:30:08,0,12,0.002508,ok,5.05,5.30,6.51
snoc,1600,O,rustref:snoc:1600@2026-10-08T01:30:07,2026-10-08T01:30:08,0,13,0.002496,ok,5.05,5.30,6.51
snoc,1600,O,rustref:snoc:1600@2026-10-08T01:30:07,2026-10-08T01:30:08,0,14,0.002413,ok,5.05,5.30,6.51
snoc,1600,O,rustref:snoc:1600@2026-10-08T01:30:07,2026-10-08T01:30:08,0,15,0.002405,ok,5.05,5.30,6.51
snoc,1600,O,rustref:snoc:1600@2026-10-08T01:30:07,2026-10-08T01:30:08,0,16,0.002490,ok,5.05,5.30,6.51
snoc,1600,O,rustref:snoc:1600@2026-10-08T01:30:07,2026-10-08T01:30:08,0,17,0.002489,ok,5.05,5.30,6.51
snoc,1600,O,rustref:snoc:1600@2026-10-08T01:30:07,2026-10-08T01:30:08,0,18,0.002428,ok,5.05,5.30,6.51
snoc,1600,O,rustref:snoc:1600@2026-10-08T01:30:07,2026-10-08T01:30:08,0,19,0.002526,ok,5.05,5.30,6.51
